id,sentence_yi,pointed_yi,ipa,agreement,needs_review,diff_flash|pro,ipa_flash,ipa_pro
1,ס'איז דאָ א שפֿע פֿון געלט!,ס'אִיז דאָ אַ שֶׁפַע פֿוּן גֶעלְט!,siz du a ʃˈɛfa fin ɡɛlt!,both models,no,,siz du a ʃˈɛfa fin ɡɛlt!,siz du a ʃˈɛfa fin ɡɛlt!
2,"יעדן טאג, אויפ'ן ספרים איז יעדן יום א א מענטש קען אטעמען.","יֶעדְן טאָג, אוֹיפֿ'ן סְפָרִים אִיז יֶעדְן יוֹם אַ אַ מֶענְטְשׁ קֶען אַטעמען.","jˈɛdən tuɡ, ˈɔɪfən sfˈurim iz jˈɛdən jɔɪm a a mɛnʧ kɛn ˈatɛmɛn.",both models,no,,"jˈɛdən tuɡ, ˈɔɪfən sfˈurim iz jˈɛdən jɔɪm a a mɛnʧ kɛn ˈatɛmɛn.","jˈɛdən tuɡ, ˈɔɪfən sfˈurim iz jˈɛdən jɔɪm a a mɛnʧ kɛn ˈatɛmɛn."
3,הויבן מיר אן צו גיין פון די גאונות,הוֹיבְן מִיר אַן צוּ גֵיין פֿוּן דִּי גְּאוֹנוּת,hˈɔɪbən mir an ʦi ɡaɪn fin di ɡaˈɔɪnis,both models,no,,hˈɔɪbən mir an ʦi ɡaɪn fin di ɡaˈɔɪnis,hˈɔɪbən mir an ʦi ɡaɪn fin di ɡaˈɔɪnis
4,"מען האט געגעסן א גאנצע קרבן מיט פערציק חלות, פערציק חלות איז געווען דארט.","מֶען הָאָט גֶעגֶעסְן אַ גאַנְצֶע קָרְבָּן מִיט פֶֿערְצִיק חַלּוֹת, פֶֿערְצִיק חַלּוֹת אִיז גֶעוועֶן דאָרט.","mɛn hut ɡɛɡˈɛsən a ɡˈanʦə kˈurbun mit fˈɛrʦik xˈalɔɪs, fˈɛrʦik xˈalɔɪs iz ɡɛvˈɛn durt.",both models,no,,"mɛn hut ɡɛɡˈɛsən a ɡˈanʦə kˈurbun mit fˈɛrʦik xˈalɔɪs, fˈɛrʦik xˈalɔɪs iz ɡɛvˈɛn durt.","mɛn hut ɡɛɡˈɛsən a ɡˈanʦə kˈurbun mit fˈɛrʦik xˈalɔɪs, fˈɛrʦik xˈalɔɪs iz ɡɛvˈɛn durt."
5,"נעם אן ענוועלאפ מיט א שרייבער, וועסטו זען, עט גיין נאר אזוי.","נֶעם אַן ענוועלאַפּ מִיט אַ שרייַבער, ווֶעסְטוּ זֶען, עֶט גֵיין נאָר אַזוי.","nɛm an ˈɛnvɛlap mit a ʃrˈaːbɛr, vˈɛsti zɛn, ɛt ɡaɪn nur azˈɔɪ.",pro (differ),yes,ɛnvɛlˈap|ˈɛnvɛlap,"nɛm an ɛnvɛlˈap mit a ʃrˈaːbɛr, vˈɛsti zɛn, ɛt ɡaɪn nur azˈɔɪ.","nɛm an ˈɛnvɛlap mit a ʃrˈaːbɛr, vˈɛsti zɛn, ɛt ɡaɪn nur azˈɔɪ."
6,"אז דוא עולה וואס מ׳רעדט פון מחשבה איז ביוותר צורך, עקסטערע עקסטערע פאזיטיוו...","אַז דוּאַ עוֹלָה וואָס מְ׳רֶעדְט פֿוּן מַחֲשָׁבָה אִיז בְּיווֹתֶר צוֹרֶךְ, עֶקְסְטֶערֶע עֶקְסְטֶערֶע פּאָזִיטִיווֿ...","az dˈia ˈɛɔɪlə vus mɛ rɛdt fin maxaʃˈuvə iz bivˈɔɪsɛr ʦˈɔɪrɛx, ˈɛkstɛrə ˈɛkstɛrə puzitˈiv...",pro (differ),yes,"ɛˈɔɪlə|ˈɛɔɪlə maxaˈʃuvə|maxaʃˈuvə biˈvɔɪsɛr|bivˈɔɪsɛr ˈʦɔɪrɛx,|ʦˈɔɪrɛx, puziˈtiv...|puzitˈiv...","az dˈia ɛˈɔɪlə vus mɛ rɛdt fin maxaˈʃuvə iz biˈvɔɪsɛr ˈʦɔɪrɛx, ˈɛkstɛrə ˈɛkstɛrə puziˈtiv...","az dˈia ˈɛɔɪlə vus mɛ rɛdt fin maxaʃˈuvə iz bivˈɔɪsɛr ʦˈɔɪrɛx, ˈɛkstɛrə ˈɛkstɛrə puzitˈiv..."
7,"איד מאכט חתונה, האט ער געברענגט א קרבן תודה פארן אייבערשטן.","אִיד מאַכְט חֲתוּנָה, הָאָט עֶר גֶעבְּרֶענְגְט אַ קָרְבָּן תּוֹדָה פֿאַרְן אֵייבֶּערְשְׁטְן.","id maxt xˈasɛnə, hut ɛr ɡɛbrˈɛnɡt a kˈurbun tˈɔɪdə fˈarən ˈaɪaɪbɛrʃtən.",pro (differ),yes,ɡɛbrɛnɡt|ɡɛbrˈɛnɡt,"id maxt xˈasɛnə, hut ɛr ɡɛbrɛnɡt a kˈurbun tˈɔɪdə fˈarən ˈaɪaɪbɛrʃtən.","id maxt xˈasɛnə, hut ɛr ɡɛbrˈɛnɡt a kˈurbun tˈɔɪdə fˈarən ˈaɪaɪbɛrʃtən."
8,"מע פארציילט אויף דעם מעשה פאר רבים, איז דאס א מוראדיקע זכות.","מֶע פֿאַרְצֵיילְט אוֹיף דֶעם מַעֲשֶׂה פֿאַר רַבִּים, אִיז דאָס אַ מוֹרָאדִיקֶע זְכוּת.","mɛ farʦˈaɪlt ɔɪf dɛm mˈaːsə far rˈabim, iz dus a mˈɔɪrudikə zxis.",pro (differ),yes,"rabˈim,|rˈabim,","mɛ farʦˈaɪlt ɔɪf dɛm mˈaːsə far rabˈim, iz dus a mˈɔɪrudikə zxis.","mɛ farʦˈaɪlt ɔɪf dɛm mˈaːsə far rˈabim, iz dus a mˈɔɪrudikə zxis."
9,ענעה עולה קומט אויף די מחשבה.,ענֶעה עוֹלָה קוּמְט אוֹיף דִּי מַחֲשָׁבָה.,ˈɛnə ˈɛɔɪlə kimt ɔɪf di maxaʃˈuvə.,both models,no,,ˈɛnə ˈɛɔɪlə kimt ɔɪf di maxaʃˈuvə.,ˈɛnə ˈɛɔɪlə kimt ɔɪf di maxaʃˈuvə.
10,מע קען נישט פארדעקן די מחשבה.,מֶע קֶען נִישְׁט פַֿאַרְדֶעקְן דִּי מַחֲשָׁבָה.,mɛ kɛn niʃt fardˈɛkən di maxaʃˈuvə.,both models,no,,mɛ kɛn niʃt fardˈɛkən di maxaʃˈuvə.,mɛ kɛn niʃt fardˈɛkən di maxaʃˈuvə.
11,און ער דארף געדענקען די פורים ווערטער ביז שבת.,אוּן עֶר דאַרף גֶעדֶענְקֶען דִּי פּוּרִים ווֶערְטֶער בִּיז שַׁבָּת.,in ɛr darf ɡɛdˈɛnkɛn di pˈirim vˈɛrtɛr biz ʃˈubɛs.,both models,no,,in ɛr darf ɡɛdˈɛnkɛn di pˈirim vˈɛrtɛr biz ʃˈubɛs.,in ɛr darf ɡɛdˈɛnkɛn di pˈirim vˈɛrtɛr biz ʃˈubɛs.
12,"איז באקאנט שוין פון די ראשונים, אז א קרבן תודה וואס מען ברענגט","אִיז באַקאַנְט שוֹין פֿוּן דִּי רִאשׁוֹנִים, אַז אַ קָרְבָּן תּוֹדָה וואָס מֶען בְּרֶענְגְט","iz bakˈant ʃɔɪn fin di riʃˈɔɪnim, az a kˈurbun tˈɔɪdə vus mɛn brɛnɡt",both models,no,,"iz bakˈant ʃɔɪn fin di riʃˈɔɪnim, az a kˈurbun tˈɔɪdə vus mɛn brɛnɡt","iz bakˈant ʃɔɪn fin di riʃˈɔɪnim, az a kˈurbun tˈɔɪdə vus mɛn brɛnɡt"
13,"קענסט זיך פארמאכן די אויגן, דער האנטל.","קֶענְסְט זִיךְ פַֿאַרְמַאכְן דִּי אוֹיגְן, דֶער הַאַנטל.","kɛnst zix farmˈaxən di ˈɔɪɡən, dɛr hˈantl.",both models,no,,"kɛnst zix farmˈaxən di ˈɔɪɡən, dɛr hˈantl.","kɛnst zix farmˈaxən di ˈɔɪɡən, dɛr hˈantl."
14,"נאָך איין פּשט שטייט פֿון די חזקוני, מיינט איך ס׳איז דאָ פֿון אַנדערע","נאָך אֵיין פְּשָׁט שְׁטֵייט פֿוּן דִּי חִזְקוּנִי, מֵיינְט אִיךְ ס׳אִיז דאָ פֿוּן אַנְדֶערֶע","nux aɪaɪn pʃut ʃtaɪt fin di xizkˈini, maɪnt ix siz du fin ˈandɛrə",both models,no,,"nux aɪaɪn pʃut ʃtaɪt fin di xizkˈini, maɪnt ix siz du fin ˈandɛrə","nux aɪaɪn pʃut ʃtaɪt fin di xizkˈini, maɪnt ix siz du fin ˈandɛrə"
15,"'אוי והילד לא יודע, לא יודע, יעדער קען דעם ניגון'.","'אוֹי וְהַיֶּלֶד לֹא יוֹדֵעַ, לֹא יוֹדֵעַ, יֶעדֶער קֶען דֶעם נִיגּוּן'.","ʔɔɪ vhˈɛlɛd lɔɪ jˈɔɪda, lɔɪ jˈɔɪda, jˈɛdɛr kɛn dɛm nˈiɡinʔ.",both models,no,,"ʔɔɪ vhˈɛlɛd lɔɪ jˈɔɪda, lɔɪ jˈɔɪda, jˈɛdɛr kɛn dɛm nˈiɡinʔ.","ʔɔɪ vhˈɛlɛd lɔɪ jˈɔɪda, lɔɪ jˈɔɪda, jˈɛdɛr kɛn dɛm nˈiɡinʔ."
16,ווארען זעהר וויכטיג און דוא דארף מען עקסטערע שמירה פאר וואס?,וואָרֶען זֵעהְר ווִיכְטִיג אוּן דוּאַ דאַרף מֶען עֶקְסְטֶערֶע שְׁמִירָה פֿאַר וואָס?,vˈurɛn zaɪhr vˈixtiɡ in dˈia darf mɛn ˈɛkstɛrə ʃmˈirə far vus?,both models,no,,vˈurɛn zaɪhr vˈixtiɡ in dˈia darf mɛn ˈɛkstɛrə ʃmˈirə far vus?,vˈurɛn zaɪhr vˈixtiɡ in dˈia darf mɛn ˈɛkstɛrə ʃmˈirə far vus?
17,קומט א וואך פון פורים דארף ער זיך דערמאנען פון פורים.,קוּמְט אַ וואָך פֿוּן פּוּרִים דאַרף עֶר זִיךְ דֶערְמָאנֶען פֿוּן פּוּרִים.,kimt a vux fin pˈirim darf ɛr zix dɛrmˈunɛn fin pˈirim.,both models,no,,kimt a vux fin pˈirim darf ɛr zix dɛrmˈunɛn fin pˈirim.,kimt a vux fin pˈirim darf ɛr zix dɛrmˈunɛn fin pˈirim.
18,"מאוד אינטערעסאנט, ווי מען טרינקט, ווי מען עסט.","מְאוֹד אִינְטֶערֶעסַאַנְט, ווִי מֶען טְרִינְקְט, ווִי מֶען עֶסְט.","mˈaɔɪd intɛrɛsˈant, vi mɛn trinkt, vi mɛn ɛst.",pro (differ),yes,maˈɔɪd|mˈaɔɪd,"maˈɔɪd intɛrɛsˈant, vi mɛn trinkt, vi mɛn ɛst.","mˈaɔɪd intɛrɛsˈant, vi mɛn trinkt, vi mɛn ɛst."
19,"אָבער מ׳עסט, מ׳ווייסט שוין אַז ס׳איז פֿון גשמיות.","אָבֶער מ׳עֶסְט, מ׳ווֵייסְט שוֹין אַז ס׳אִיז פֿוּן גַּשְׁמִיּוּת.","ˈubɛr mɛ ɛst, mɛ vaɪst ʃɔɪn az siz fin ɡˈaʃmiis.",pro (differ),yes,ɡaʃmˈiis.|ɡˈaʃmiis.,"ˈubɛr mɛ ɛst, mɛ vaɪst ʃɔɪn az siz fin ɡaʃmˈiis.","ˈubɛr mɛ ɛst, mɛ vaɪst ʃɔɪn az siz fin ɡˈaʃmiis."
20,מניין ובניין איז טייל טאגעל ברוך השם.,מִנַייְן וּבְנַייְן אִיז טַייל טאַגֶעל בָּרוּךְ הַשֵּׁם.,minˈaːn ibnˈaːn iz taːl tˈaɡɛl bˈurix haʃˈaɪm.,both models,no,,minˈaːn ibnˈaːn iz taːl tˈaɡɛl bˈurix haʃˈaɪm.,minˈaːn ibnˈaːn iz taːl tˈaɡɛl bˈurix haʃˈaɪm.
