word	layer	clips	chezky_readings	agreement	heard_readings (reading:count)
ער	G	10741	ɛ r	92%	ɛ r:9849; ə r:892
די	G	9854	d ə | d i	85%	d ə:7163; d ɛ:1296; d i:1208; d u:187
איז	G	9789	i z	85%	i z:8369; i s:707; u z:391; u s:322
האט	G	7081	h u t | h ɔ t	82%	h ɔ t:4719; h u t:1111; h i t:937; h a t:310; h aː t:4
וואס	G	6404	v u s	87%	v u s:5549; v i s:510; v a s:196; v ɔ s:148; v aː s:1
דער	G	5840	d ɛ r	72%	d ɛ r:4211; d ə r:1629
מען	G	5790	m ɛ n	96%	m ɛ n:5550; m ə n:240
און	G	5287	i n	98%	i n:5186; u n:101
נישט	G	4849	n i ʃ t	98%	n i ʃ t:4760; n u ʃ t:89
אז	G	4784	a z	86%	a z:4135; u z:183; u s:179; a s:147; ɔ z:108; ɔ s:24; aː s:4; aː z:4
איך	G	4756	i x	97%	i x:4594; u x:162
פון	G	4752	f i n	97%	f i n:4625; f u n:115; p i n:10; p u n:2
זיך	G	4156	z i x	94%	z i x:3896; z u x:260
דאס	G	4055	d u s	75%	d u s:3056; d i s:601; d a s:277; d ɔ s:113; d aː s:8
דעם	G	3662	d ej m | d ɛ m	69%	d ɛ m:2499; d ə m:1091; d aj m:52; d ej m:11; d aː m:9
אין	G	3409	i n	98%	i n:3344; u n:65
אזוי	G	3166	a z ɔj	95%	a z ɔj:3014; u z ɔj:124; ɔ z ɔj:20; a z oʊ:4; aː z ɔj:3; ɔ z oʊ:1
צו	G	3121	ʦ i	93%	ʦ i:2913; ʦ u:208
עס	G	3046	ɛ s	94%	ɛ s:2859; ə s:187
פאר	G	3027	f a r	94%	f a r:2850; f u r:107; f ɔ r:39; p a r:20; f aː r:8; p u r:3
זאגט	G	2893	z u ɡ t | z u k t	91%	z u k t:2349; z u ɡ t:296; z i ɡ t:136; z a ɡ t:39; z aː ɡ t:24; z ɔ ɡ t:17; z i k t:16; z a k t:11
מיט	G	2636	m i t	98%	m i t:2582; m u t:54
געווען	G	2476	ɡ ə v ej n	88%	ɡ ə v ej n:2168; ɡ ə v aj n:129; ɡ ɛ v aj n:109; ɡ ɛ v ej n:47; ɡ ɛ v aː n:15; ɡ ə v aː n:8
דא	G	2450	d u	80%	d u:1972; d i:221; d a:135; d ɔ:108; d aː:14
ווי	G	2388	v i	95%	v i:2263; v u:125
אים	G	2384	ej m | i m	91%	i m:2067; u m:157; ej m:109; aj m:46; aː m:5
זיין	G	2314	z aː n	69%	z aː n:1596; z aj n:279; z a n:180; z u n:172; z ej n:64; z ɔ n:23
אבער	G	2036	ɔ b ə r	86%	ɔ b ə r:1758; a b ɛ r:108; ɔ b ɛ r:56; a b ə r:50; u b ɛ r:37; u b ə r:26; aː b ɛ r:1
יא	G	1933	j u	96%	j u:1864; j i:42; j a:18; j ɔ:9
קען	G	1897	k ɛ n	98%	k ɛ n:1861; k ə n:36
געזאגט	G	1893	ɡ ə z u ɡ t | ɡ ə z u k t	89%	ɡ ə z u k t:1588; ɡ ə z u ɡ t:99; ɡ ɛ z u ɡ t:41; ɡ ə z i ɡ t:36; ɡ ə z a ɡ t:34; ɡ ɛ z i ɡ t:34; ɡ ɛ z u k t:32; ɡ ɛ z a ɡ t:7
מיר	G	1839	m i r	93%	m i r:1710; m u r:129
זאל	G	1777	z u l	76%	z u l:1342; z i l:255; z a l:107; z aː l:42; z ɔ l:31
ס'איז	G	1755	s i z	87%	s i z:1521; s i s:87; s u z:81; s u s:66
שוין	G	1666	ʃ ɔj n	100%	ʃ ɔj n:1665; ʃ oʊ n:1
נאך	G	1631	n u x	83%	n u x:1356; n i x:130; n ɔ x:74; n a x:71
דארף	G	1496	d a f | d a r f	92%	d a f:1378; d u f:64; d ɔ f:23; d ɔ r f:12; d u p:6; d a p:5; d ɔ p:4; d u r f:2
אויף	G	1485	oʊ f | a f	91%	a f:1336; u f:38; ɔ f:34; ɔj f:20; u p:17; oʊ f:12; ɔ p:12; a p:11
וועט	G	1482	v ɛ t	94%	v ɛ t:1391; v ə t:91
דאך	G	1455	d ɔ x	71%	d ɔ x:1030; d u x:299; d a x:115; d aː x:11
גייט	G	1404	ɡ aj t	98%	ɡ aj t:1381; ɡ ej t:22; ɡ aː t:1
דארט	G	1306	d ɔ r t	85%	d ɔ r t:1112; d u r t:149; d a r t:44; d aː r t:1
ווען	G	1265	v ɛ n	98%	v ɛ n:1242; v ə n:23
שטייט	G	1206	ʃ t aj t | ʃ t aː t	92%	ʃ t aj t:1108; ʃ t u t:57; ʃ t a t:29; ʃ t ɔ t:10; ʃ t ej t:1; ʃ t aː t:1
דו	G	1179	d i | d u	99%	d i:888; d u:275; d ɔ:9; d a:7
זאגן	G	1173	z u ɡ n	84%	z u ɡ n:987; z aː ɡ n:76; z i ɡ n:73; z a ɡ n:26; z ɔ ɡ n:11
אן	G	1133	u n | a n	59%	i n:401; a n:358; u n:305; aː n:46; ɔ n:23
קומט	G	1112	k i m t	98%	k i m t:1092; k u m t:20
נאר	G	1107	n ɔ r	61%	n ɔ r:679; n u r:257; n a r:167; n aː r:4
האב	G	1101	h u b | h ɔ b	89%	h ɔ b:919; h i b:80; h u b:58; h a b:40; h a p:2; h ɔ p:1; h i p:1
זענען	G	1076	z ɛ n ə n	68%	z ɛ n ə n:732; z ɛ n ɛ n:244; z ə n ə n:75; z ə n ɛ n:25
קיין	G	1076	k a n | k aj n	95%	k a n:890; k aj n:127; k u n:44; k ɔ n:7; k aː n:5; k ej n:3
זאך	G	1075	z a x	93%	z a x:999; z u x:41; z aː x:19; z ɔ x:16
אלע	G	1071	a l ə	95%	a l ə:1016; a l ɛ:17; u l ə:16; ɔ l ə:13; u l ɛ:6; aː l ə:3
אזא	G	1055	a z a	86%	a z a:905; a z aː:46; a z u:45; u z u:22; u z a:19; ɔ z a:8; a z ɔ:4; ɔ z u:3
רבי	L	1042	r ɛ b ə | r ɛ b i	94%	r ɛ b ə:898; r ɛ b i:81; r ɛ b ɛ:23; r ə b ə:19; r ə b i:11; r ɛ b u:6; r ə b ɛ:3; r ə b u:1
האבן	G	1026	h u b n | h ɔ b n	80%	h ɔ b n:605; h u b n:220; h i b n:123; h a b n:65; h aː b n:13
תורה	L	1002	t ɔj r ə	99%	t ɔj r ə:989; t ɔj r ɛ:13
זיי	G	946	z aj	92%	z aj:874; z aː:54; z ej:18
שבת	L	935	ʃ a b ə s	98%	ʃ a b ə s:916; ʃ u b ə s:6; ʃ u b ɛ s:6; ʃ a b ɛ s:4; ʃ ɔ b ɛ s:2; ʃ ɔ b ə s:1
עפעס	G	931	ɛ p ə s	81%	ɛ p ə s:752; ɛ f ɛ s:77; ɛ f ə s:39; ɛ p ɛ s:24; ə f ɛ s:23; ə f ə s:14; ə p ə s:1; ə p ɛ s:1
יעדער	G	897	j ɛ d ə r	98%	j ɛ d ə r:875; j ɛ d ɛ r:18; j ə d ə r:4
רב	L	885	r u v	86%	r u v:762; r i v:49; r u f:21; r a v:19; r i f:13; r a f:12; r ɔ v:6; r ɔ f:3
מיין	G	843	m aː n | m aj n	87%	m aj n:729; m a n:71; m u n:32; m aː n:5; m ɔ n:3; m ej n:3
וואך	G	831	v ɔ x	90%	v ɔ x:752; v u x:59; v a x:20
גאנצע	G	830	ɡ a n ʦ ə	91%	ɡ a n ʦ ə:758; ɡ u n ʦ ə:25; ɡ u n ʦ ɛ:18; ɡ a n ʦ ɛ:17; ɡ aː n ʦ ə:6; ɡ ɔ n ʦ ə:3; ɡ ɔ n ʦ ɛ:2; ɡ aː n ʦ ɛ:1
יאר	G	808	j u r	94%	j u r:756; j i r:36; j a r:8; j ɔ r:4; j aː r:4
זייער	G	792	z aj ə r	95%	z aj ə r:756; z aj ɛ r:19; z aː ə r:10; z ej ə r:6; z aː ɛ r:1
ביי	G	770	b aː | b a | b aj	94%	b a:676; b aj:51; b u:34; b ɔ:7; b ej:2
משה	N	756	m ɔj ʃ ə	99%	m ɔj ʃ ə:749; m ɔj ʃ ɛ:7
מענטש	G	754	m ɛ n ʧ	99%	m ɛ n ʧ:749; m ə n ʧ:5
דיר	G	749	d i r	92%	d i r:687; d u r:62
אויך	G	746	ɔj x | oʊ x	100%	oʊ x:507; ɔj x:239
געמאכט	G	720	ɡ ə m a x t	90%	ɡ ə m a x t:649; ɡ ɛ m a x t:41; ɡ ə m u x t:12; ɡ ɛ m u x t:12; ɡ ɛ m ɔ x t:3; ɡ ə m aː x t:1; ɡ ə m ɔ x t:1; ɡ ɛ m aː x t:1
יעצט	G	718	j ɛ ʦ t	100%	j ɛ ʦ t:717; j ə ʦ t:1
מעשה	L	712	m aː s ə | m aj s ə	87%	m aj s ə:616; m a s ə:32; m u s ə:19; m u s ɛ:14; m a s ɛ:14; m aj s ɛ:12; m ej s ə:3; m ɔ s ə:2
געהאט	G	710	ɡ ə h a t	80%	ɡ ə h a t:565; ɡ ɛ h u t:45; ɡ ɛ h a t:38; ɡ ə h u t:26; ɡ ɛ h ɔ t:17; ɡ ə h ɔ t:17; ɡ ə h aː t:2
גיין	G	705	ɡ aj n	94%	ɡ aj n:663; ɡ ej n:41; ɡ aː n:1
ווארט	G	704	v ɔ r t	94%	v ɔ r t:661; v u r t:23; v a r t:20
מאל	G	701	m u l | m ɔ l	89%	m u l:612; m i l:46; m a l:28; m ɔ l:13; m aː l:2
זי	G	688	z i	89%	z i:611; z u:77
זאכן	G	681	z a x n	94%	z a x n:639; z u x n:22; z aː x n:19; z ɔ x n:1
איינער	G	677	aj n ə r	90%	aj n ə r:608; aj n ɛ r:58; ej n ə r:6; aː n ɛ r:2; ej n ɛ r:2; aː n ə r:1
מענטשן	G	675	m ɛ n ʧ n	100%	m ɛ n ʧ n:674; m ə n ʧ n:1
טאקע	G	664	t a k ə	97%	t a k ə:642; t u k ɛ:8; t u k ə:7; t a k ɛ:5; t ɔ k ɛ:1; t ɔ k ə:1
מיינט	G	662	m aj n t	100%	m aj n t:660; m ej n t:2
אריין	G	660	a r aː n | a r aj n	87%	a r aj n:575; a r u n:34; a r a n:33; u r aj n:5; a r ej n:4; aː r aj n:2; ɔ r u n:2; u r ej n:2
הייסט	G	658	h aj s t	100%	h aj s t:656; h ej s t:2
געגאנגען	G	655	ɡ ə ɡ a n ɡ ə n	81%	ɡ ə ɡ a n ɡ ə n:531; ɡ ə ɡ a n ɡ ɛ n:30; ɡ ə ɡ u n ɡ ə n:23; ɡ ɛ ɡ u n ɡ ə n:17; ɡ ɛ ɡ a n ɡ ə n:17; ɡ ɛ ɡ u n ɡ ɛ n:9; ɡ ə ɡ u n ɡ ɛ n:7; ɡ ə ɡ ɔ n ɡ ə n:5
מאכן	G	652	m a x n	95%	m a x n:617; m u x n:19; m ɔ x n:14; m aː x n:2
געווארן	G	642	ɡ ə v ɔ r n	86%	ɡ ə v ɔ r n:555; ɡ ə v a r n:36; ɡ ɛ v u r n:14; ɡ ɛ v a r n:14; ɡ ɛ v ɔ r n:11; ɡ ə v u r n:10; ɡ ɛ v aː r n:1; ɡ ə v aː r n:1
מאכט	G	632	m a x t	90%	m a x t:569; m ɔ x t:33; m u x t:30
ווייל	G	629	v aː l | v aj l	84%	v aj l:530; v u l:49; v a l:34; v ɔ l:15; v ej l:1
קינדער	G	628	k i n d ə r	97%	k i n d ə r:610; k i n d ɛ r:16; k u n d ə r:2
אמאל	G	622	a m u l | a m ɔ l	87%	a m u l:526; a m ɔ l:18; a m i l:17; a m a l:16; u m i l:11; u m u l:10; u m ɔ l:7; ɔ m i l:7
עולם	L	612	ɔj l ə m | ɔj l u m	93%	ɔj l ə m:566; ɔj l i m:22; ɔj l ɛ m:12; ɔj l u m:5; ɔj l ɔ m:5; ɔj l a m:2
געבן	G	609	ɡ ej b n | ɡ ɛ b n	85%	ɡ ɛ b n:508; ɡ ə b n:49; ɡ aj b n:45; ɡ ej b n:7
גארנישט	G	607	ɡ u r n i ʃ t | ɡ ɔ r n i ʃ t	76%	ɡ u r n i ʃ t:439; ɡ i r n i ʃ t:52; ɡ a r n i ʃ t:45; ɡ ɔ r n i ʃ t:24; ɡ u r n u ʃ t:18; ɡ i r n u ʃ t:12; ɡ a r n u ʃ t:10; ɡ aː r n i ʃ t:5
באשעפער	G	606	b a ʃ ɛ f ə r	94%	b a ʃ ɛ f ə r:571; b u ʃ ɛ f ɛ r:10; b u ʃ ɛ f ə r:7; b a ʃ ə f ə r:6; b a ʃ ə f ɛ r:3; b a ʃ ɛ f ɛ r:3; b u ʃ ə f ɛ r:2; b ɔ ʃ ɛ f ɛ r:1
פרשת	L	601	p a r ʃ i s | p a r ʃ ə s	99%	p a r ʃ ə s:589; p a r ʃ i s:4; f a r ʃ i s:3; f u r ʃ ə s:1; f a r ʃ ə s:1; p a r ʃ ɛ s:1; f a r ʃ u s:1; f ɔ r ʃ i s:1
אדער	G	599	ɔ d ə r	73%	ɔ d ə r:436; a d ə r:46; ɔ d ɛ r:42; a d ɛ r:37; u d ɛ r:24; u d ə r:14
בין	G	590	b i n	98%	b i n:580; b u n:10
וועגן	G	587	v ej ɡ n | v ɛ ɡ n	96%	v ɛ ɡ n:547; v ej ɡ n:14; v ə ɡ n:12; v aj ɡ n:11; v aː ɡ n:3
גוטע	G	579	ɡ i t ə	96%	ɡ i t ə:555; ɡ i t ɛ:9; ɡ u t ə:8; ɡ u t ɛ:7
אויב	G	578	ɔj b	98%	ɔj b:566; ɔj p:12
געלט	G	578	ɡ ɛ l t	99%	ɡ ɛ l t:575; ɡ ə l t:3
גמרא	L	578	ɡ ə m u r ə	97%	ɡ ə m u r ə:560; ɡ ə m a r ə:5; ɡ ɛ m i r ə:4; ɡ ɛ m u r ə:3; ɡ ɛ m i r ɛ:2; ɡ ɛ m a r ə:2; ɡ ə m i r ə:1; ɡ ə m u r ɛ:1
קומען	G	576	k i m ə n	88%	k i m ə n:505; k i m ɛ n:44; k u m ə n:20; k u m ɛ n:7
קענען	G	574	k ɛ n ə n	89%	k ɛ n ə n:511; k ɛ n ɛ n:48; k ə n ə n:9; k ə n ɛ n:6
ארויס	G	573	a r oʊ s | a r ɔj s	97%	a r oʊ s:500; a r ɔj s:55; u r ɔj s:10; ɔ r ɔj s:6; u r oʊ s:2
וועלט	G	573	v ɛ l t	99%	v ɛ l t:570; v ə l t:3
ממש	L	573	m a m i ʃ | m a m ə ʃ	95%	m a m ə ʃ:532; m a m i ʃ:13; m u m i ʃ:7; m a m u ʃ:7; m a m ɛ ʃ:4; m u m ɛ ʃ:3; m u m u ʃ:3; m ɔ m i ʃ:2
יעקב	N	571	j a n k ə v | j a n k ə f	98%	j a n k ə v:418; j a n k ə f:142; j u n k ə v:4; j u n k ɛ v:2; j u n k ə f:1; j ɔ n k ə f:1; j a n k ə p:1; j u n k ɛ p:1
וועל	G	568	v ɛ l	94%	v ɛ l:535; v ə l:33
רעדן	G	566	r ɛ d n	98%	r ɛ d n:555; r ə d n:11
ווער	G	563	v ɛ r	99%	v ɛ r:560; v ə r:3
אפילו	L	552	a f i l ə	95%	a f i l ə:524; a f i l ɛ:12; a f u l ə:5; a p i l ə:4; u f i l ə:3; ɔ f i l ə:1; a p u l ɛ:1; ɔ p i l ɛ:1
צוויי	G	549	ʦ v aj	99%	ʦ v aj:546; ʦ v aː:2; ʦ v ej:1
אלעס	G	547	a l ə s	91%	a l ə s:498; a l ɛ s:19; u l ɛ s:16; u l ə s:10; ɔ l ɛ s:2; aː l ə s:1; ɔ l ə s:1
צוריק	G	546	ʦ i r i k | ʦ u r i k	98%	ʦ i r i k:534; ʦ a r i k:5; ʦ a r u k:2; ʦ u r u k:2; ʦ i r u k:2; ʦ ɔ r i k:1
גרויסע	G	543	ɡ r ɔj s ə	99%	ɡ r ɔj s ə:535; ɡ r oʊ s ə:4; ɡ r oʊ s ɛ:2; ɡ r ɔj s ɛ:2
רעדט	G	542	r ɛ d t | r ɛ t	98%	r ɛ t:514; r ɛ d t:18; r ə t:10
אויפן	G	540	a f n | ɔ f n	96%	a f n:514; u f n:14; ɔ f n:7; ɔ p n:2; a p n:2; aː p n:1
חיים	N	538	x aj i m	99%	x aj i m:532; x aj u m:4; x ej i m:1; x aː i m:1
זען	G	537	z ej n	75%	z ej n:404; z aj n:96; z aː n:37
איין	G	536	aj n	98%	aj n:524; ej n:6; aː n:6
אלץ	G	529	a l ʦ	93%	a l ʦ:492; u l ʦ:33; ɔ l ʦ:4
איר	G	529	i r	87%	i r:460; u r:69
גוט	G	519	ɡ i t	92%	ɡ i t:477; ɡ u t:42
פארן	G	519	f a r n	93%	f a r n:484; f u r n:21; f ɔ r n:6; p u r n:4; f aː r n:2; p a r n:2
וועלן	G	516	v ɛ l n	95%	v ɛ l n:492; v ə l n:24
ביז	G	515	b i z | b i s	99%	b i s:439; b i z:70; b u s:3; b u z:3
מצוה	L	511	m i ʦ v ə	98%	m i ʦ v ə:499; m i ʦ v ɛ:6; m u ʦ v ə:4; m u ʦ v ɛ:2
אברהם	N	511	a v r u m | a v r u h ə m	97%	a v r u m:497; a v r i m:8; a v r a m:2; u v r u m:2; ɔ v r i m:1; u v r i m:1
ווייס	G	507	v aj s | v aː s	91%	v aj s:463; v u s:35; v a s:5; v ɔ s:2; v ej s:2
אליין	G	505	a l aj n | a l ej n	94%	a l aj n:458; a l ej n:19; u l aj n:12; ɔ l aj n:5; u l ej n:5; a l aː n:3; aː l ej n:1; u l aː n:1
השם	L	504	h a ʃ ɛ m	90%	h a ʃ ɛ m:455; h u ʃ ɛ m:17; h a ʃ ə m:16; h u ʃ ə m:10; h ɔ ʃ ɛ m:3; h ɔ ʃ ə m:3
וויסן	G	504	v i s n	93%	v i s n:471; v u s n:33
ניין	G	502	n aj n | n aː n	94%	n aj n:470; n ɔ n:10; n a n:10; n u n:8; n ej n:4
טוט	G	502	t i t | t u t	97%	t i t:362; t u t:124; t ɔ t:10; t a t:6
ווערטער	G	502	v ɛ r t ə r	96%	v ɛ r t ə r:484; v ɛ r t ɛ r:16; v ə r t ɛ r:1; v ə r t ə r:1
צום	G	500	ʦ i m | ʦ u m	96%	ʦ i m:477; ʦ a m:16; ʦ aː m:3; ʦ u m:3; ʦ ɔ m:1
האלט	G	496	h a l t	92%	h a l t:457; h ɔ l t:20; h u l t:19
חנוכה	L	496	x a n i k ə | x a n u k ə	94%	x a n i k ə:461; x a n i k ɛ:8; x a n u k ə:7; x ɔ n i k ə:4; x a n ɔ k ə:3; x u n i k ə:3; x u n i k ɛ:2; x u n u k ə:2
אוועק	G	494	a v ɛ k	98%	a v ɛ k:485; u v ɛ k:4; a v ə k:3; u v ə k:2
ביים	G	493	b a m | b aː m	87%	b a m:428; b aj m:38; b u m:23; b ɔ m:2; b ej m:1; b aː m:1
שיין	G	488	ʃ aj n	99%	ʃ aj n:485; ʃ ej n:2; ʃ aː n:1
אמת	L	487	ɛ m ə s	87%	ɛ m ə s:422; ɛ m ɛ s:48; ə m ɛ s:11; ə m ə s:6
וועג	G	487	v ej ɡ | v ɛ ɡ	97%	v ɛ ɡ:464; v ɛ k:11; v ej ɡ:6; v ə ɡ:3; v aj ɡ:3
וואלט	G	485	v ɔ l t	73%	v ɔ l t:355; v u l t:95; v a l t:35
נעמען	G	484	n ɛ m ə n | n ej m ə n	91%	n ɛ m ə n:358; n ej m ə n:84; n ɛ m ɛ n:21; n ə m ə n:9; n aj m ə n:5; n ə m ɛ n:3; n aj m ɛ n:2; n ej m ɛ n:2
וואסער	G	484	v a s ə r	95%	v a s ə r:458; v u s ɛ r:13; v u s ə r:10; v a s ɛ r:2; v ɔ s ə r:1
נאכדעם	G	484	n u x d ej m | n u x d ə m	85%	n u x d ə m:412; n ɔ x d ɛ m:15; n u x d ɛ m:13; n ɔ x d ə m:11; n a x d ɛ m:11; n i x d ɛ m:9; n a x d ə m:6; n i x d ə m:4
פלאץ	G	484	p l aː ʦ | p l a ʦ	99%	p l a ʦ:477; f l a ʦ:3; p l aj ʦ:1; f l aj ʦ:1; f l ɔ ʦ:1; f l u ʦ:1
שרייבט	G	484	ʃ r aː b t | ʃ r aj b t	96%	ʃ r aj b t:467; ʃ r u b t:12; ʃ r a b t:5
גיי	G	481	ɡ aj	99%	ɡ aj:476; ɡ ej:5
נעמט	G	480	n ɛ m t	98%	n ɛ m t:470; n ə m t:10
יוסף	N	480	j ɔ s ə f | j ɔj s ə f	89%	j ɔ s ə f:405; j u s ə f:28; j ɔj s ə f:21; j a s ə f:10; j u s ɛ f:9; j a s ɛ f:2; j a s ə p:2; j a s ɛ p:1
דיך	G	478	d i x	96%	d i x:457; d u x:21
ניגונים	L	478	n i ɡ i n i m | n i ɡ u n i m	96%	n i ɡ i n i m:452; n i ɡ i n u m:8; n i ɡ u n i m:7; n u ɡ i n i m:5; n i ɡ a n i m:2; n u ɡ a n i m:1; n i ɡ ɔ n i m:1; n i ɡ u n u m:1
טעג	G	477	t ej ɡ | t ɛ ɡ	97%	t ɛ ɡ:462; t ə ɡ:8; t ɛ k:2; t aj ɡ:2; t ə k:1; t ej ɡ:1; t aj k:1
שווער	G	477	ʃ v i r | ʃ v ɛ r	93%	ʃ v ɛ r:417; ʃ v u r:29; ʃ v i r:26; ʃ v ə r:5
אויס	G	476	oʊ s | ɔj s	100%	oʊ s:337; ɔj s:139
פיל	G	476	f i l	96%	f i l:455; f u l:19; p i l:2
יארן	G	475	j u r n	90%	j u r n:426; j i r n:33; j a r n:14; j ɔ r n:1; j aː r n:1
אונז	G	474	i n z | i n ʦ | i n d z	82%	i n z:383; i n s:34; u n s:22; u n z:22; u n ʦ:6; i n ʦ:6; i n d s:1
ברענגען	G	474	b r ej n ɡ ə n | b r ɛ n ɡ ə n	98%	b r ɛ n ɡ ə n:463; b r ɛ n ɡ ɛ n:5; b r ə n ɡ ə n:3; b r ej n ɡ ə n:1; b r ə n ɡ ɛ n:1; b r aj n ɡ ɛ n:1
ספר	L	473	s aj f ə r | s ej f ə r	97%	s aj f ə r:440; s ej f ə r:19; s aj f ɛ r:10; s aj p ə r:2; s ej p ə r:1; s aj p ɛ r:1
ווערן	G	473	v i r n | v ɛ r n	99%	v ɛ r n:447; v i r n:19; v u r n:6; v ə r n:1
ביסט	G	471	b i s t	98%	b i s t:460; b u s t:11
ברוך	L	468	b u r ə x | b ɔ r u x	68%	b u r ə x:259; b ɔ r u x:59; b u r u x:39; b a r u x:37; b ɔ r ə x:14; b i r ə x:13; b a r i x:9; b a r ə x:7
נאמען	G	468	n u m ə n | n ɔ m ə n	94%	n ɔ m ə n:264; n u m ə n:174; n i m ə n:7; n i m ɛ n:6; n a m ə n:6; n ɔ m ɛ n:4; n u m ɛ n:4; n a m ɛ n:3
קוקט	G	468	k i k t | k u k t	99%	k i k t:443; k u k t:22; k a k t:2; k ɔ k t:1
סתם	L	467	s t a m	94%	s t a m:439; s t u m:24; s t aː m:3; s t ɔ m:1
אראפ	G	466	a r u p | a r ɔ p	88%	a r u p:407; a r u f:11; a r a p:10; ɔ r u p:5; a r a f:4; a r i f:4; u r a p:4; a r ɔ p:4
שטיין	G	466	ʃ t aj n	99%	ʃ t aj n:462; ʃ t ej n:3; ʃ t aː n:1
איד	G	465	j i d | i d	90%	i d:410; i t:40; j i d:8; u t:5; j u t:1; j u d:1
וויפיל	G	465	v i f i l | v i f l	97%	v i f l:418; v i f i l:34; v u f l:5; v i f u l:4; v u f i l:3; v u p l:1
צוזאמען	G	464	ʦ i z a m ə n | ʦ u z a m ə n	72%	ʦ i z a m ə n:329; ʦ i z u m ə n:27; ʦ i z aː m ə n:22; ʦ i z a m ɛ n:21; ʦ i z u m ɛ n:15; ʦ u z u m ə n:6; ʦ u z u m ɛ n:5; ʦ a z u m ɛ n:5
ווייטער	G	464	v aː t ə r | v aj t ə r	91%	v aj t ə r:422; v aj t ɛ r:15; v ɔ t ɛ r:6; v u t ɛ r:6; v a t ə r:5; v ɔ t ə r:3; v a t ɛ r:3; v u t ə r:2
זיינע	G	462	z aː n ə | z aj n ə	94%	z aj n ə:310; z aː n ə:122; z a n ə:9; z ej n ə:5; z u n ɛ:5; z u n ə:4; z aj n ɛ:2; z a n ɛ:2
איבער	G	462	i b ə r	88%	i b ə r:406; i b ɛ r:37; u b ə r:12; u b ɛ r:7
ווערט	G	461	v i r t | v ɛ r t	98%	v ɛ r t:435; v i r t:15; v u r t:10; v ə r t:1
וואו	G	460	v i	51%	v i:235; v u:225
קינד	G	458	k i n d	95%	k i n d:434; k i n t:20; k u n t:3; k u n d:1
טון	G	457	t i n | t u n | t ɔ n	99%	t i n:286; t u n:164; t a n:5; t ɔ n:2
אנדערע	G	452	a n d ə r ə	85%	a n d ə r ə:385; a n d ɛ r ə:17; a n d ɛ r ɛ:13; u n d ə r ə:6; u n d ɛ r ə:6; a n d ə r ɛ:6; aː n d ə r ə:5; ɔ n d ə r ɛ:4
לעבן	G	451	l ej b n | l ɛ b n	96%	l ɛ b n:349; l ej b n:86; l ə b n:7; l aj b n:6; l aː b n:3
געשריבן	G	447	ɡ ə ʃ r i b n	95%	ɡ ə ʃ r i b n:426; ɡ ə ʃ r u b n:10; ɡ ɛ ʃ r i b n:7; ɡ ɛ ʃ r u b n:4
לערנען	G	443	l i r n ə n | l ɛ r n ə n	91%	l ɛ r n ə n:391; l i r n ə n:13; l ə r n ə n:11; l u r n ə n:10; l ɛ r n ɛ n:8; l i r n ɛ n:4; l ə r n ɛ n:3; l u r n ɛ n:3
בחור	L	439	b u x ə r | b u x i r	93%	b u x ə r:409; b i x u r:10; b a x ə r:4; b i x ə r:3; b u x u r:3; b a x u r:3; b i x ɛ r:2; b ɔ x ə r:2
אפשר	L	437	ɛ f ʃ i r | ɛ f ʃ ə r	79%	ɛ f ʃ ə r:324; ɛ p ʃ ə r:36; ɛ f ʃ i r:22; ɛ p ʃ i r:19; ɛ f ʃ ɛ r:15; ɛ p ʃ u r:5; ɛ f ʃ u r:5; ə f ʃ i r:4
האסט	G	435	h u s t | h ɔ s t	76%	h ɔ s t:260; h i s t:77; h u s t:72; h a s t:25; h aː s t:1
קענסט	G	435	k ɛ n s t	99%	k ɛ n s t:431; k ə n s t:4
בית	L	435	b aj s b i s i n b i s m ə d r ə ʃ	82%	b aj s b i s i n b i s m ə d r ə ʃ:355; b aj s b i s i n b i s m ɛ d r ə ʃ:20; b aj s b i s i n b i s m ə d r ɛ ʃ:17; b aj s b i s i n b i s m ɛ d r ɛ ʃ:9; b aj s b i s i n b u s m ə d r ə ʃ:7; b aj s b i s i n b u s m ə d r ɛ ʃ:6; b aj s b u s i n b i s m ɛ d r ə ʃ:5; b aj s b i s u n b i s m ə d r ə ʃ:3
לא	L	434	l ɔj | l ɔ	92%	l ɔj:395; l u:17; l a:15; l ɔ:6; l oʊ:1
מיינע	G	434	m aː n ə | m aj n ə	87%	m aj n ə:376; m aj n ɛ:26; m u n ə:11; m a n ə:11; m a n ɛ:4; m ɔ n ə:2; m ej n ə:2; m u n ɛ:2
קליינע	G	429	k l aj n ə	100%	k l aj n ə:427; k l ej n ə:1; k l aj n ɛ:1
פונעם	G	428	f i n ə m | f u n ə m	62%	f i n ə m:264; f i n ɛ m:120; f a n ɛ m:22; f a n ə m:16; f ɔ n ɛ m:2; f u n ɛ m:2; f u n ə m:1; p u n ə m:1
אייך	G	416	aː x | aj x	44%	aj x:179; a x:76; ɔ x:74; u x:67; ej x:17; aː x:3
על	L	415	a l	90%	a l:375; u l:20; ɔ l:20
היינט	G	415	h aː n t | h aj n t	80%	h aj n t:332; h a n t:35; h u n t:22; h ɔ n t:22; h ej n t:3; h aː n t:1
גאנץ	G	412	ɡ a n ʦ	90%	ɡ a n ʦ:370; ɡ u n ʦ:31; ɡ aː n ʦ:10; ɡ ɔ n ʦ:1
גאר	G	411	ɡ u r	37%	ɡ u r:154; ɡ a r:146; ɡ i r:75; ɡ ɔ r:26; ɡ aː r:10
דיין	G	409	d aː n | d aj n	75%	d aj n:300; d a n:50; d u n:49; d aː n:6; d ej n:4
זעלבע	G	409	z ɛ l b ə	96%	z ɛ l b ə:392; z ɛ l b ɛ:6; z ə l b ə:6; z ə l b ɛ:5
של	L	405	ʃ ɛ l	95%	ʃ ɛ l:385; ʃ ə l:20
מיטן	G	402	m i t n	100%	m i t n:400; m u t n:2
כל	L	400	k ɔ l | k u l	85%	k ɔ l:332; k a l:38; k i l:22; k u l:8
סוף	L	399	s ɔ f | s ɔj f	87%	s ɔ f:300; s ɔj f:48; s u f:24; s a f:20; s u p:3; s a p:2; s ɔj p:1; s aː p:1
איינס	G	386	aj n s	97%	aj n s:376; ej n s:6; aː n s:4
בעל	L	384	b aː l | b ɛ l	86%	b ɛ l:329; b a l:23; b aj l:12; b ə l:11; b u l:6; b ɔ l:3
אפ	G	379	ɔ p	40%	ɔ p:151; a f:77; u p:54; a p:42; u f:32; ɔ f:21; aː p:1; aː f:1
צייט	G	372	ʦ aː t | ʦ aj t	97%	ʦ aj t:359; ʦ u t:7; ʦ a t:5; ʦ ɔ t:1
מיך	G	364	m i x	97%	m i x:354; m u x:10
האלטן	G	364	h a l t n	94%	h a l t n:341; h ɔ l t n:10; h u l t n:10; h aː l t n:3
זייט	G	358	z aː t | z aj t	91%	z aj t:323; z u t:15; z a t:10; z ɔ t:4; z aː t:3; z ej t:3
יעדן	G	357	j ej d n | j ɛ d n	97%	j ɛ d n:345; j ə d n:7; j aj d n:4; j ej d n:1
בעטן	G	354	b ej t n | b ɛ t n	91%	b ɛ t n:319; b ə t n:18; b aj t n:11; b ej t n:4; b aː t n:2
ס'האט	G	352	s ə h u t | ʃ u t	50%	ʃ u t:176; ʃ ɔ t:90; ʃ i t:47; s ɛ h ɔ t:21; ʃ a t:9; s ɛ h u t:5; s ə h a t:2; s ɛ h i t:2
בן	L	343	b ɛ n	97%	b ɛ n:334; b ə n:9
ספרים	L	343	s f u r i m	70%	s f u r i m:241; s f a r i m:41; s f i r i m:29; s f i r u m:8; s f a r u m:5; s f ɔ r i m:5; s f u r u m:5; s p i r i m:2
זיכער	G	339	z i x ə r	80%	z i x ə r:270; z i x ɛ r:36; z u x ə r:17; z u x ɛ r:16
צווישן	G	337	ʦ v i ʃ n	99%	ʦ v i ʃ n:332; ʦ v u ʃ n:5
ביידע	G	336	b aj d ə	96%	b aj d ə:324; b aj d ɛ:11; b aː d ə:1
האסטו	G	335	h u s t i | h ɔ s t i	67%	h ɔ s t i:177; h u s t i:49; h i s t i:38; h i s t u:23; h a s t i:18; h ɔ s t u:15; h u s t u:10; h a s t u:5
לאנג	G	332	l aː n ɡ | l a n ɡ	90%	l a n ɡ:298; l aj n ɡ:18; l u n ɡ:6; l ɔ n ɡ:5; l a n k:2; l u n k:1; l aː n ɡ:1; l ɔ n k:1
טוב	L	328	t ɔj v | t ɔ v	77%	t ɔj v:138; t ɔ v:116; t u v:31; t ɔ f:19; t a v:9; t a f:8; t u f:3; t ɔj f:3
לעצטע	G	326	l ɛ ʦ t ə	99%	l ɛ ʦ t ə:324; l ɛ ʦ t ɛ:1; l ə ʦ t ə:1
פארגעסן	G	326	f aː r ɡ ɛ s n	82%	f aː r ɡ ɛ s n:268; f a r ɡ ə s n:18; f a r ɡ ɛ s n:13; f u r ɡ ə s n:6; f u r ɡ ɛ s n:5; f aj r ɡ ə s n:4; f ɔ r ɡ ə s n:4; f aj r ɡ ɛ s n:3
חלק	L	324	x aj l ə k	97%	x aj l ə k:313; x aj l ɛ k:11
וועלכע	G	323	v ɛ l x ə	88%	v ɛ l x ə:283; v ɛ l x ɛ:39; v ə l x ə:1
נאכט	G	320	n a x t	91%	n a x t:290; n u x t:23; n ɔ x t:7
אהיים	G	311	a h aj m	96%	a h aj m:300; u h aj m:6; a h ej m:2; u h ej m:1; a h aː m:1; ɔ h ej m:1
שעה	L	300	ʃ u | ʃ ɔ	86%	ʃ u:256; ʃ i:32; ʃ a:11; ʃ ɔ:1
הערן	G	297	h i r n | h ɛ r n	94%	h ɛ r n:266; h i r n:14; h ə r n:11; h u r n:6
נפש	L	294	n ej f i ʃ | n ɛ f ə ʃ	92%	n ɛ f ə ʃ:194; n ej f i ʃ:76; n aj f i ʃ:11; n ɛ f ɛ ʃ:7; n ɛ p ə ʃ:3; n ə f ə ʃ:1; n aj f u ʃ:1; n aj p u ʃ:1
מלחמה	L	293	m i l x u m ə | m i l x ɔ m ə	96%	m i l x u m ə:264; m i l x ɔ m ə:18; m i l x i m ə:4; m i l x i m ɛ:3; m u l x u m ə:2; m u l x i m ɛ:1; m u l x ɔ m ə:1
מעג	G	291	m ej ɡ | m ɛ ɡ	92%	m ɛ ɡ:269; m aj ɡ:7; m ɛ k:6; m ə ɡ:5; m aj k:3; m ə k:1
אונזער	G	286	i n z ə r | i n d z ə r	79%	i n z ə r:225; i n z ɛ r:31; u n z ɛ r:16; u n z ə r:13; i n d z ə r:1
קיינער	G	286	k aj n ə r	95%	k aj n ə r:271; k aj n ɛ r:14; k aː n ɛ r:1
פארוואס	G	284	f a r v u s	81%	f a r v u s:229; f a r v i s:27; f a r v a s:7; f u r v u s:5; f u r v i s:4; f a r v aː s:3; p u r v u s:2; p a r v i s:2
העלפן	G	283	h ɛ l f n	96%	h ɛ l f n:273; h ə l f n:5; h ɛ l p n:5
הויז	G	277	h oʊ z | h ɔj z	76%	h oʊ z:187; h ɔj s:42; h oʊ s:25; h ɔj z:23
יעדע	G	275	j ɛ d ə	99%	j ɛ d ə:273; j ə d ɛ:1; j ɛ d ɛ:1
מסביר	L	272	m a z b i r	89%	m a z b i r:243; m u z b i r:21; m a z b u r:5; m ɔ z b i r:3
ארבעט	G	268	a r b ə t	96%	a r b ə t:257; a r b ɛ t:4; u r b ɛ t:3; ɔ r b ə t:2; ɔ r b ɛ t:1; u r b ə t:1
גרייט	G	265	ɡ r aj t	99%	ɡ r aj t:263; ɡ r ej t:2
אלס	G	260	a l i s | a l s	93%	a l s:239; u l s:10; ɔ l s:5; a l i s:2; aː l i s:1; ɔ l u s:1; u l i s:1; aː l s:1
כח	L	253	k ɔj ə x	95%	k ɔj ə x:241; k ɔj ɛ x:9; k oʊ ə x:3
צווייטע	G	251	ʦ v aj t ə	97%	ʦ v aj t ə:244; ʦ v aj t ɛ:4; ʦ v aː t ə:2; ʦ v ej t ə:1
גייען	G	247	ɡ aj ə n	88%	ɡ aj ə n:218; ɡ aj ɛ n:18; ɡ ej ə n:9; ɡ ej ɛ n:2
וויאזוי	G	231	v i z ɔj | v i a z ɔj	92%	v i z ɔj:140; v i a z ɔj:73; v u z ɔj:15; v i ɔ z ɔj:2; v u ɔ z ɔj:1
מאיר	N	228	m aj ə r	98%	m aj ə r:224; m aj ɛ r:4
לויט	G	227	l oʊ t | l ɔj t	100%	l ɔj t:183; l oʊ t:44
סדר	L	226	s aj d ə r | s ej d ə r	95%	s aj d ə r:162; s ej d ə r:52; s aj d ɛ r:10; s aː d ɛ r:2
פראבלעם	E	225	p r ɔ b l ej m | p r ɔ b l ɛ m	98%	p r ɔ b l ɛ m:221; p r ɔ b l ə m:1; f r u b l ə m:1; p r u b l aj m:1; f r a b l ə m:1
ארום	G	218	a r i m | a r u m	94%	a r i m:182; a r u m:22; ɔ r i m:4; u r u m:3; u r i m:3; ɔ r u m:2; a r a m:1; ɔ r a m:1
מינוט	G	213	m i n i t | m i n u t	99%	m i n i t:210; m u n u t:1; m i n u t:1; m i n ɔ t:1
מ'קען	G	207	m ɛ k ə n | m k ɛ n	27%	m ɛ k ɛ n:143; m k ɛ n:51; m k ə n:8; m ɛ k ə n:4; m ə k ɛ n:1
לייגן	G	195	l aj ɡ n	99%	l aj ɡ n:193; l ej ɡ n:2
שטארקע	G	185	ʃ t a r k ə	91%	ʃ t a r k ə:169; ʃ t u r k ə:6; ʃ t u r k ɛ:4; ʃ t ɔ r k ə:4; ʃ t a r k ɛ:2
בעסער	G	185	b ɛ s ə r	97%	b ɛ s ə r:180; b ɛ s ɛ r:4; b ə s ə r:1
קעגן	G	180	k ej ɡ n | k ɛ ɡ n	99%	k ɛ ɡ n:175; k ej ɡ n:3; k aj ɡ n:1; k ə ɡ n:1
נישטא	G	177	n i ʃ t u | n i ʃ t ɔ	80%	n i ʃ t u:140; n i ʃ t a:24; n i ʃ t i:9; n i ʃ t aː:2; n u ʃ t u:1; n i ʃ t ɔ:1
כ'האב	G	174	x ɔ b | x h ɔ b	70%	x h ɔ b:69; x ɔ b:52; x u b:27; x a b:18; x h u b:3; x u p:2; x ɔ p:1; x h a b:1
שרייבן	G	173	ʃ r aː b n | ʃ r aj b n	92%	ʃ r aj b n:160; ʃ r u b n:7; ʃ r a b n:2; ʃ r ej b n:2; ʃ r ɔ b n:2
בכלל	L	165	b ə x l aː l | b i x l a l	98%	b i x l a l:161; b ɛ x l u l:1; b ə x l a l:1; b i x l u l:1; b ɛ x l aj l:1
עטליכע	G	163	ɛ t l ə x ə	26%	ɛ t l ɛ x ə:54; ɛ t l ə x ə:42; ɛ t l ɛ x ɛ:30; ə t l ə x ə:14; ə t l ɛ x ə:13; ɛ t l ə x ɛ:9; ə t l ɛ x ɛ:1
אנדערש	G	162	a n d i ʃ | a n d ə r ʃ	85%	a n d i ʃ:125; a n d ə r ʃ:12; a n d u ʃ:8; a n d ɛ r ʃ:5; u n d u ʃ:2; aː n d u ʃ:2; u n d i ʃ:2; aː n d ɛ r ʃ:2
לאזט	G	159	l ɔ z t | l u z t	79%	l ɔ z t:111; l a z t:17; l i z t:16; l u z t:15
בעסטע	G	157	b ɛ s t ə	96%	b ɛ s t ə:151; b ɛ s t ɛ:5; b ə s t ə:1
למעשה	L	153	l ə m aː s ə | l ə m aj s ə	90%	l ə m aj s ə:138; l ɛ m a s ə:4; l ɛ m a s ɛ:3; l ɛ m aj s ə:3; l ə m u s ə:2; l ɛ m aj s ɛ:2; l ɛ m ɔ s ɛ:1
גייסט	G	151	ɡ aj s t | ɡ aː s t	97%	ɡ aj s t:145; ɡ u s t:4; ɡ a s t:1; ɡ aː s t:1
אונטער	G	151	i n t ə r | u n t ə r	91%	i n t ə r:133; i n t ɛ r:9; u n t ə r:4; u n t ɛ r:2; a n t ə r:2; a n t ɛ r:1
נאכן	G	140	n u x n	94%	n u x n:132; n a x n:5; n ɔ x n:2; n i x n:1
דאן	G	134	d a n	51%	d a n:69; d u n:50; d aː n:11; d ɔ n:4
סיי	G	131	s aj	98%	s aj:128; s ej:2; s aː:1
גאס	G	130	ɡ aː s	85%	ɡ aː s:110; ɡ aj s:12; ɡ a s:4; ɡ u s:3; ɡ ɔ s:1
טרעפן	G	130	t r ɛ f n	98%	t r ɛ f n:128; t r ɛ p n:1; t r ə f n:1
נייע	G	129	n aː j ə | n aj ə	94%	n aj ə:121; n aj ɛ:7; n ej ə:1
קלאר	G	125	k l u r | k l ɔ r	83%	k l u r:101; k l a r:14; k l i r:7; k l ɔ r:3
יתרו	L	117	j i s r ɔj | j i s r ɔ	90%	j i s r ɔj:103; j i s r u:11; j i s r ɔ:2; j u s r ɔ:1
גענוג	G	112	ɡ ə n i ɡ | ɡ ə n u ɡ	87%	ɡ ə n i ɡ:90; ɡ ə n u ɡ:7; ɡ ə n a ɡ:6; ɡ ɛ n i ɡ:4; ɡ ə n u k:3; ɡ ɛ n u ɡ:1; ɡ ə n i k:1
רוח	L	109	r i ə x | r u ə x	86%	r i ə x:75; r u ə x:19; r u ɛ x:8; r i ɛ x:7
כדי	L	107	k ə d aj | k ə d ej	50%	k ə d aj:51; k ɛ d aj:45; k ɛ d ej:6; k ɛ d aː:2; k ə d ej:2; k ə d aː:1
שום	L	106	ʃ i m | ʃ u m	92%	ʃ i m:71; ʃ u m:26; ʃ a m:8; ʃ aː m:1
הלל	L	106	h a l ɛ l | h i l ɛ l	73%	h i l ɛ l:43; h a l ɛ l:34; h a l ə l:14; h i l ə l:14; h u l ɛ l:1
חוץ	L	103	x i ʦ | x u ʦ	96%	x i ʦ:80; x u ʦ:19; x ɔ ʦ:3; x a ʦ:1
טייערע	G	99	t aː j ə r ə | t aj ə r ə	95%	t aj ə r ə:94; t aj ə r ɛ:2; t aj j ə r ə:1; t aj ɛ r ə:1; t aj ɛ r ɛ:1
געוויסע	G	92	ɡ ə v i s ə	78%	ɡ ə v i s ə:72; ɡ ə v i s ɛ:8; ɡ ə v u s ɛ:3; ɡ ɛ v i s ə:2; ɡ ɛ v i s ɛ:2; ɡ ɛ v u s ɛ:2; ɡ ə v u s ə:2; ɡ ɛ v u s ə:1
שאלה	L	91	ʃ aː l ə | ʃ aj l ə	91%	ʃ aj l ə:83; ʃ a l ə:5; ʃ a l ɛ:1; ʃ aj l ɛ:1; ʃ u l ə:1
שיקן	G	90	ʃ i k n	96%	ʃ i k n:86; ʃ u k n:4
קאר	E	87	k a r	99%	k a r:86; k ɔ r:1
דאלער	E	84	d ɔ l ə r | d ɔ l a r	88%	d ɔ l ə r:74; d a l ə r:3; d u l ə r:3; d u l a r:2; d u l ɛ r:2
בערך	L	83	b ə ej r ə x | b ə ɛ r ə x	11%	b ɛ ɛ r ə x:55; b ə ɛ r ə x:9; b ɛ ɛ r ɛ x:6; b ɛ ə r ɛ x:4; b ɛ ə r ə x:3; b ə ɛ r ɛ x:2; b ə aj r ə x:1; b ɛ aj r ə x:1
ארץ	L	81	ɛ r ə ʦ	78%	ɛ r ə ʦ:63; ɛ r ɛ ʦ:15; ə r ɛ ʦ:2; ə r ə ʦ:1
יואל	N	81	j ɔj ə l	90%	j ɔj ə l:73; j ɔj ɛ l:8
אינמיטן	G	81	i n m i t n	96%	i n m i t n:78; i n m u t n:3
דאנק	G	81	d a n k	89%	d a n k:72; d u n k:9
כלל	L	72	k l a l	82%	k l a l:59; k l u l:9; k l ɔ l:4
למשל	L	72	l ə m u ʃ l	36%	l ə m u ʃ l:26; l ɛ m u ʃ l:23; l ɛ m i ʃ l:13; l ɛ m a ʃ l:3; l ə m i ʃ l:3; l ə m a ʃ l:2; l ɛ m ɔ ʃ l:1; l ə m ɔ ʃ l:1
אסאך	G	71	a s a x	62%	a s a x:44; a s u x:12; u s u x:6; u s a x:4; a s aː x:2; ɔ s u x:1; u s ɔ x:1; aː s a x:1
לכאורה	L	69	l i x ɔj r ə | l ə x ɔj r ə	90%	l ə x ɔj r ə:58; l i x ɔj r ə:4; l ɛ x ɔj r ə:2; l i x oʊ r ə:2; l u x ɔj r ə:1; l i x oʊ r ɛ:1; l i x ɔj r ɛ:1
לייג	G	69	l aj ɡ	93%	l aj ɡ:64; l ej ɡ:5
קאסט	G	67	k ɔ s t	82%	k ɔ s t:55; k a s t:7; k u s t:5
ווייט	G	66	v aː t | v aj t	92%	v aj t:61; v u t:3; v ɔ t:2
האף	G	66	h u f	47%	h u f:31; h ɔ f:19; h a f:7; h ɔ p:4; h i f:2; h a p:1; h i p:1; h u p:1
קודם	L	63	k ɔj d ə m	98%	k ɔj d ə m:62; k ɔj d ɛ m:1
אידישע	G	62	j i d i ʃ ə | j ɛ d i ʃ ə	94%	j i d i ʃ ə:55; j ɛ d i ʃ ə:3; j u d u ʃ ə:2; j i d i ʃ ɛ:1; j i d u ʃ ə:1
זעהט	G	61	z ej t | z ɛ t	21%	z aj t:46; z ɛ t:8; z ej t:5; z ə t:2
בלויז	G	58	b l ɔj z	52%	b l ɔj z:30; b l ɔj s:26; b l oʊ z:1; b l oʊ s:1
זעה	G	57	z ej | z ɛ	44%	z aj:29; z ej:19; z ɛ:6; z ə:2; z aː:1
אליינס	G	55	a l aj n s	93%	a l aj n s:51; u l aj n s:2; ɔ l aj n s:1; a l ej n s:1
אינעם	G	53	i n ə m	51%	i n ə m:27; i n ɛ m:25; u n ɛ m:1
נייעס	G	52	n aː j ə s | n aj ə s	90%	n aj ə s:47; n aj ɛ s:3; n ej ə s:1; n aː ɛ s:1
"שליט""א"	A	49	ʃ l i t ə	94%	ʃ l i t ə:46; ʃ l u t ɛ:2; ʃ l u t ə:1
טוישן	G	45	t oʊ ʃ n | t ɔj ʃ n	100%	t oʊ ʃ n:28; t ɔj ʃ n:17
געקאכט	G	42	ɡ ə k ɔ x t	98%	ɡ ə k ɔ x t:41; ɡ ɛ k ɔ x t:1
צאלן	G	39	ʦ u l n | ʦ ɔ l n	82%	ʦ u l n:31; ʦ i l n:6; ʦ ɔ l n:1; ʦ a l n:1
פלאן	E	39	p l aː n | p l a n	87%	p l a n:34; p l aj n:2; f l ej n:1; f l a n:1; f l aj n:1
סאיז	G	37	s i z | s a i z	73%	s i z:27; s u s:4; s i s:3; s u i s:1; s u i z:1; s u z:1
אפאר	G	34	a p u r | a p ɔ r	6%	a f a r:15; a p a r:6; a f i r:4; a f u r:2; a p u r:2; u p a r:1; u f a r:1; ɔ p u r:1
סארט	G	30	s ɔ r t	17%	s u r t:14; s a r t:8; s ɔ r t:5; s aː r t:3
יישר	L	29	j a ʃ ə r | j a ʃ i r	45%	j a ʃ ə r:10; j u ʃ ə r:6; j ɔ ʃ i r:3; j a ʃ i r:3; j u ʃ i r:2; j ɔ ʃ ə r:2; j u ʃ ɛ r:1; j a ʃ ɛ r:1
"זי""ע"	A	29	z x i s ɔj j u ɡ i n u l aj n i	3%	z x i s ɔj j a ɡ i n i l aj n i:6; z x i s ɔj j u ɡ i n i l aj n i:4; z x i s ɔj j u ɡ u n i l aj n i:3; z x i s ɔj j u ɡ i n i l aj n u:3; z x i s ɔj j u ɡ i n a l aj n i:2; z x i s ɔj j a ɡ i n u l aj n i:2; z x i s ɔj j u ɡ u n u l aj n u:2; z x i s ɔj j u ɡ i n a l aj n u:2
זעהן	G	28	z ej n	46%	z aj n:14; z ej n:13; z aː n:1
דערנאך	G	28	d ə r n u x | d ə r n ɔ x	32%	d ɛ r n u x:8; d ə r n u x:6; d ə r n i x:3; d ɛ r n a x:3; d ɛ r n i x:3; d ə r n ɔ x:3; d ɛ r n ɔ x:1; d ə r n a x:1
פרייז	G	25	p r aː z | p r aj z	100%	p r aj z:25
סיסטעם	E	24	s i s t ə m	100%	s i s t ə m:24
ניו	E	23	n j u	22%	n j i:16; n j u:5; n j ɔ:2
וויליאמסבורג	E	23	v i l j a m s b u r ɡ	87%	v i l j a m s b u r ɡ:20; v u l j a m s b u r ɡ:1; v u l j ɔ m s b i r ɡ:1; v i l j a m s b a r ɡ:1
היימישע	G	22	h aj m i ʃ ə	91%	h aj m i ʃ ə:20; h aj m i ʃ ɛ:2
פין	E	17	p i n	12%	f i n:15; p i n:2
מוסדות	L	16	m ɔj z d ə s | m ɔj s d ə s	100%	m ɔj s d ə s:11; m ɔj z d ə s:5
פאמיליע	E	10	f a m i l i ə	50%	f a m i l i ə:5; p a m i l i ə:1; f aː m i l i ə:1; f a m u l i ə:1; f a m i l i ɛ:1; f a m i l u ə:1
צוליב	G	9	ʦ i l i b | ʦ u l i b	89%	ʦ i l i b:7; ʦ a l i b:1; ʦ u l i b:1
טראמפ	E	9	t r ɔ m p | t r u m p	67%	t r u m p:4; t r ɔ m p:2; t r a m p:2; t r i m p:1
קאמפיין	E	9	k ɔ m p aj n | k a m p ej n	56%	k ɔ m p aj n:5; k a m p aj n:3; k a m f aj n:1
ביטע	G	6	b i t ə	83%	b i t ə:5; b i t ɛ:1
טוהן	G	6	t i ə n | t i n	67%	t i n:4; t i ɛ n:2
פראגעס	G	5	f r a ɡ ə s	60%	f r a ɡ ə s:3; f r a ɡ ɛ s:1; f r u ɡ ə s:1
אשכול	X	4	a ʃ k l	100%	a ʃ k l:4
אפשאצן	G	3	u p ʃ a ʦ n	0%	ɔ p ʃ a ʦ n:3
פראביר	G	2	p r ɔ b i r	50%	p r ɔ b i r:1; f r u b i r:1
גוגל	E	2	ɡ u ɡ l	100%	ɡ u ɡ l:2
פארומס	E	1	f ɔ r u m s	0%	f u r i m s:1
"יו""ט"	A	1	j ɔ n t ə f | j ɔ n t i f	0%	j u n t i f:1
