word	pointed	rule_ipa	observed_ipa	count
את	אֶת	as	es	350
פרשת	פָּרָשַׁת	frʃs	parʃəs	348
רש"י	רַשִׁ"י	rʃ"i	raʃi	345
פשט	פְּשָׁט	fʃt	pʃat	316
השם	הַשֵּׁם	hʃəm	haʃem	301
סתם	סתּם	ssəm	stam	224
מה	מַה	mh	ma	203
של	שֶׁל	ʃl	ʃel	182
בן	בֶּן	bən	ben	181
בית	בֵּית	bis	bejs	160
ר׳	ר׳	rʔ	reb	156
שם	שֵׁם	ʃəm	ʃem	154
קרבן	קָרְבָּן	krbən	korbn	112
שמחה	שִׂמְחָה	ʃmxh	simxə	109
תשובה	תְּשׁוּבָה	sʃibh	tʃuvə	108
יצחק	יִצְחָק	iʦxk	יצחק	97
בשם	בְּשֵׁם	bʃəm	bəʃem	92
ונצליח	וְנַצְלִיחַ	inʦlix	vənatsliəx	91
נס	נֵס	ns	nes	87
הר	הַר	hr	har	84
מן	מִן	mən	min	83
נח	נֹחַ	nx	noəx	81
רמב"ם	רַמְבַּ"ם	rmb"m	rambam	79
בר	בַּר	br	bar	76
שלמה	שְׁלֹמֹה	ʃlmh	ʃlojme	69
חי	חַי	xi	xaj	69
ה׳	ה׳	hʔ	aʃem	68
מקבל	מְקַבֵּל	mkbl	məkabl	68
מדרש	מִדְרָשׁ	mdrʃ	midrəʃ	67
בחור	בָּחוּר	bxir	boxər	64
הזה	הַזֶּה	hʒ	hazə	63
כהן	כֹּהֵן	xhn	kojən	63
פֿלעגט	פֿלעגט	flɛɡt	flegt	62
מחלוקת	מַחֲלוֹקֶת	mxliks	maxlojkes	61
אתה	אַתָּה	aʃ	ato	59
חסידים	חֲסִידִים	xsidim	חסידים	59
מצות	מַצּוֹת	mʦis	matsəs	59
לברכה	לִבְרָכָה	lbrxh	לברכה	58
חתם	חֲתַם	xsəm	xasəm	57
תלמידים	תַּלְמִידִים	slmidim	talmidim	56
פֿרעגט	פֿרעגט	frɛɡt	fregt	56
מלך	מֶלֶךְ	mlx	meləx	55
פּרשת	פָּרָשַׁת	prʃs	parʃəs	54
מצרים	מִצְרַיִם	mʦrim	mitsrajim	52
שכר	שׂכר	ʃxr	sxar	51
צדקה	צְדָקָה	ʦdx	צדקה	49
חזק	חֲזַק	xzk	xazak	45
מלכות	מַלְכוּת	mlxis	malxəs	45
משנה	מִשְׁנָה	mʃnh	miʃnə	45
חז"ל	חַזַ"ל	xz"l	xazal	43
חסד	חֶסֶד	xsd	xesed	43
מכות	מַכּוֹת	mxis	makəs	43
פּשט	פְּשָׁט	pʃt	pʃat	43
חסיד	חָסִיד	xsid	xosid	43
מוחל	מוֹחֵל	mixl	mojxl	43
גם	גַּם	ɡəm	gam	43
חידוש	חִידּוּשׁ	xidiʃ	xidəʃ	43
מכל	מִכָּל	mxl	mikol	43
רמז	רֶמֶז	rmz	reməz	43
"איך	"איך	"ix	איך	42
אות	אוֹת	is	os	42
חומש	חוּמָשׁ	ximʃ	xuməʃ	42
המלך	הַמֶּלֶךְ	hmlx	hameləx	42
חיה	חַיָּה	xih	xajə	41
בם	בַּם	bəm	bam	41
רחל	רָחֵל	rxl	roxl	40
בשעת	בִּשְׁעַת	bʃɛs	biʃas	40
שר	שַׂר	ʃr	sar	38
מנחה	מִנְחָה	mnxh	minxə	37
המן	הָמָן	hmən	homən	37
זלמן	זַלְמָן	zlmən	zalmən	36
מדות	מִדּוֹת	mdis	midəs	35
ישועות	יְשׁוּעוֹת	iʃiɛis	jəʃiəs	35
פינחס	פִּינְחָס	finxs	pinxəs	34
שרה	שָׂרָה	ʃrh	sorə	34
אהבת	אַהֲבַת	ahbs	ahavas	34
תמוז	תַּמּוּז	smiz	taməz	34
תפילין	תּפֿילין	sfilin	tfiln	34
סתּם	סְתָּם	stəm	stam	33
חלילה	חָלִילָה	xlilh	חלילה	33
בת	בַּת	bs	bas	33
חזן	חַזָּן	xzən	xazn	33
זה	זֶה	ʒ	ze	33
משכן	מִשְׁכָּן	mʃxən	miʃkn	33
זכות	זְכוּת	zxis	זכות	32
חיות	חיות	xjis	xajəs	32
טלית	טַלִּית	tlis	taləs	32
חד	חַד	xd	xad	31
באמת	בֶּאֱמֶת	bɛmɛs	beməs	31
ציצית	צִיצִית	ʦiʦis	tsitsəs	31
אבות	אָבוֹת	abis	ovəs	30
קורח	קֹרַח	kirx	kojrəx	30
שכינה	שְׁכִינָה	ʃxinh	ʃxinə	30
לך	לְךָ	lx	לך	30
מנחם	מְנַחֵם	mnxəm	mənaxəm	29
צרות	צָרוֹת	ʦris	tsorəs	29
תוספות	תּוֹסָפוֹת	sisfis	תוספות	29
הנה	הִנֵּה	hnh	hine	29
סגולה	סְגוּלָה	sɡilh	sgulə	29
שמיטה	שְׁמִיטָה	ʃmith	ʃmitə	29
בהר	בְּהַר	bhr	bəhar	29
המקדש	הַמִּקְדָּשׁ	hmkdʃ	amikdəʃ	29
עבודת	עֲבוֹדַת	ɛbids	avojdəs	29
פחד	פַּחַד	fxd	paxəd	28
תם	תָּם	səm	tam	28
מדרגה	מַדְרֵגָה	mdrɡh	מדרגה	28
מכה	מַכָּה	mxh	makə	28
אחד	אֶחָד	axd	exəd	28
חס	חַס	xs	xas	27
יחד	יַחַד	ixd	jaxad	27
ספירה	סְפִירָה	sfirh	sfirə	27
פֿרעגן	פֿרעגן	frɛɡən	fregn	27
אֶת	אֶת	as	es	27
זכר	זֵכֶר	zxr	זכר	27
לשם	לְשֵׁם	lʃəm	ləʃem	27
תיקון	תיקון	sikin	תיקון	27
התורה	הַתּוֹרָה	hsirh	התורה	26
השבת	הַשַּׁבָּת	hʃubɛs	haʃabəs	26
קבלת	קַבָּלַת	kbls	kaboləs	26
מסירות	מְסִירַת	msiris	msirəs	26
מנשה	מְנַשֶּׁה	mnʃh	mənaʃə	26
דורות	דּוֹרוֹת	diris	dojres	26
קטן	קָטָן	ktən	kotn	26
רמב"ן	רַמְבַּ"ן	rmb"n	ramban	25
למטה	לְמַטָּה	lmth	ləmatə	25
עשירות	עֲשִׁירות	ɛʃiris	aʃirəs	25
למעשה	לְמַעֲשֶׂה	lmɛʃh	למעשה	25
רבותי	רַבּוֹתַי	rbisi	rabosaj	25
חפץ	חָפֵץ	xfʦ	חפץ	24
בהמה	בְּהֵמָה	bhmh	בהמה	24
השנה	הַשָּׁנָה	hʃnh	השנה	24
מ"ם	מֵ"ם	m"m	mem	23
שפת	שְׂפַת	ʃfs	sfas	23
מטות	מַטּוֹת	mtis	matəs	23
נגינה	נְגִינָה	nɡinh	nəginə	23
חילוק	חילוק	xilik	xilək	23
חלה	חַלָּה	xlh	xalə	22
נחת	נַחַת	nxs	naxəs	22
נסתלק	נִסְתַּלֵּק	nsslk	נסתלק	22
הלכה	הֲלָכָה	hlxh	haloxə	22
סדרה	סִדְרָה	sdrh	sidrə	22
קשיות	קשיות	kʃjis	קשיות	22
כהנים	כֹּהֲנִים	xhnim	kohanim	22
לב	לֵב	lb	lev	22
מכבד	מְכַבֵּד	mxbd	mxabəd	22
מלמד	מְלַמֵּד	mlmd	məlaməd	22
"כי	"כִּי	"xi	ki	21
זרה	זָרָה	zrh	zorə	21
פרה	פָּרָה	frh	porə	21
חיזוק	חִיזּוּק	xizik	חיזוק	21
כן	כֵּן	xən	kejn	21
שקל	שֶׁקֶל	ʃkl	ʃekl	21
בשמחה	בְּשִׂמְחָה	bʃmxh	בשמחה	20
גלח	גלח	ɡlx	galəx	20
מתן	מַתַּן	msən	matan	20
קדושת	קְדוּשַׁת	kdiʃs	kdəʃas	20
תולדות	תּוֹלְדוֹת	sildis	tojldəs	20
אותיות	אוֹתִיּוֹת	isjis	אותיות	20
עבירות	עבֿירות	ɛbiris	עבירות	20
זאת	זֹאת	zas	zos	20
חוזק	חוזק	xizk	xojzək	20
עדת	עֲדַת	ɛds	adas	20
תלמידי	תַּלְמִידֵי	slmidi	talmidej	20
דברים	דְּבָרִים	dbrim	dvorim	20
הלל	הַלֵּל	hll	הלל	20
כסדר	כְּסֵדֶר	xsdr	כסדר	20
צדק	צֶדֶק	ʦdk	צדק	20
מחשבה	מַחֲשָׁבָה	mxʃbh	maxʃovə	19
תרומה	תְּרוּמָה	srimh	trumə	19
בשלח	בְּשַׁלַּח	bʃlx	bəʃalax	19
מחבר	מְחַבֵּר	mxbr	מחבר	19
מסכת	מַסֶּכֶת	msxs	מסכת	19
פנחס	פִּנְחָס	fnxs	pinxəs	19
יתברך	יִתְבָּרַךְ	isbrx	jisborəx	19
שמות	שְׁמוֹת	ʃmis	שמות	19
בראשית	בְּרֵאשִׁית	braʃis	בראשית	19
מחיה	מְחַיֶה	mxih	מחיה	19
מדריגה	מַדְרֵגָה	mdriɡh	madrejgə	19
השמים	הַשָּׁמַיִם	hʃmim	haʃomajim	19
בכל	בְּכָל	bxl	bəxol	19
דף	דַף	df	daf	19
יראת	יִרְאַת	iras	jiras	19
מנחת	מִנְחַת	mnxs	מנחת	18
רחמים	רַחֲמִים	rxmim	raxamim	18
חלות	חַלּוֹת	xlis	xaləs	18
תהילים	תהילים	ʃilim	tilim	18
גזירה	גזירה	ɡzirh	gzajrə	18
מסכים	מַסְכִּים	msxim	מסכים	18
מרגלים	מְרַגְּלִים	mrɡlim	məraglɪm	18
בטל	בָּטֵל	btl	botl	18
יחוס	יִחוּס	ixis	יחוס	18
נה	נַ	nh	na	18
רבן	רַבָּן	rbən	rabən	18
תזריע	תַּזְרִיעַ	szriə	tazriə	18
תענית	תַּעֲנִית	sɛnis	tanəs	18
תפיסה	תְּפִיסָה	sfiʃ	tfisə	17
משמח	מְשַׂמֵּחַ	mʃmx	משמח	17
תרגום	תַּרְגּוּם	srɡim	targəm	17
תפילות	תְּפִלּוֹת	sfilis	tfiləs	17
אחדות	אַחְדוּת	axdis	axdəs	17
עדות	עֵדוּת	ɛdis	ejdəs	17
למעלה	לְמַעְלָה	lmɛlh	ləmalə	17
אבֿרהם	אַבְרָהָם	avrhm	avrohom	17
שבטים	שְׁבָטִים	ʃbtim	שבטים	17
כה	כֹּה	xh	koj	17
קל	אֵל	kl	ejl	17
רק	רַק	rk	rak	17
רמ"ח	רַמַ"ח	rəm"x	ramax	16
שפחה	שִׁפְחָה	ʃfxh	ʃifxə	16
בחינה	בְּחִינָה	bxinh	bxinə	16
הכנסת	הַכְנָסַת	hxnss	הכנסת	16
מתנות	מַתָּנוֹת	msnis	matonəs	16
פת	פַּת	fs	pas	16
שנת	שְׁנַת	ʃns	ʃnas	16
חוזה	חוֹזֶה	xiʒ	חוזה	16
בחורים	בַּחוּרִים	bxirim	בחורים	16
השפעות	הַשְׁפָּעוֹת	hʃfɛis	haʃpoəs	16
הקדמה	הַקְדָמָה	hkdmh	hakdomə	16
מצה	מַצָה	mʧ	matsə	16
נוח	נוֹחַ	nix	noəx	16
עשרת	עֲשֶׂרֶת	ɛʃrs	aserəs	16
שליח	שָׁלִיחַ	ʃlix	ʃliəx	16
תהיה	תִּהְיֶה	ʃih	tije	16
מנורה	מְנוֹרָה	mnirh	mnoyre	16
חסידישע	חֲסִידִישֶׁע	xsidiʃə	חסידישע	16
יוחנן	יוֹחָנָן	jixnn	jojxənən	16
מנהג	מִנְהָג	mnhɡ	minhag	16
תרועה	תְּרוּעָה	sriɛh	trujə	16
ש"ס	שַׁ"ס	ʃ"s	ʃas	15
בהמות	בְּהֵמוֹת	bhmis	behejmes	15
חדש	חָדָשׁ	xdʃ	xodoʃ	15
מת	מֵת	ms	mes	15
נתן	נָתָן	nsən	nosn	15
נפתלי	נַפְתָּלִי	nfsli	naftoli	15
טובות	טוֹבוֹת	tibis	tojvəs	15
כפרה	כַּפָּרָה	xfrh	kaporə	15
חטא	חֵטְא	xta	xet	15
מידות	מִדּוֹת	midis	midəs	15
יתן	יִתֵּן	isən	jitən	15
יחיד	יָחִיד	ixid	jəxid	15
כנגד	כְּנֶגֶד	xnɡd	כנגד	15
להם	לָהֶם	lhm	lohem	15
מכפר	מְכַפֵּר	mxfr	mxapər	15
מם	מֵם	məm	mem	15
משמש	מְשַׁמֵּשׁ	mʃmʃ	məʃaməʃ	15
משפט	מִשְׁפָּט	mʃft	miʃpət	15
חרטה	חרטה	xrth	חרטה	14
ברכת	בִּרְכַּת	brxs	birkas	14
כתב	כְּתַב	xsb	ksav	14
מתקן	מְתַקֵּן	mskən	mtakn	14
רחם	רַחֵם	rxəm	raxem	14
חשבון	חֶשְׁבּוֹן	xʃbin	חשבון	14
ישתבח	יִשְׁתַּבַּח	iʃsbx	jiʃtabax	14
מיתה	מִיתָה	miʃ	misə	14
תפארת	תִּפְאֶרֶת	sfars	תפארת	14
חסידות	חֲסִידוּת	xsidis	חסידות	14
למה	לָמָּה	lmh	lomə	14
התעוררות	הִתְעוֹרְרוּת	hsɛirris	התעוררות	14
חטאת	חַטָּאת	xtas	xatəs	14
העלפֿן	העלפֿן	hɛlfən	העלפן	14
אותו	אוֹתוֹ	isi	ojso	14
הרב	הָרַב	hrb	harav	14
יתרו	יִתְרוֹ	isri	jisro	14
לבן	לָבָן	lbən	lovn	14
לה	לָא	lh	la	14
לה'	לַה'	lhʔ	lashem	14
מדבר	מִדְבָּר	mdbr	midbər	14
נר	נֵר	nr	ner	14
שמש	שמש	ʃmʃ	ʃaməs	14
תרי"ג	תַּרְיַ"ג	sri"ɡ	tarjag	13
מחילה	מחילה	mxilh	mxilə	13
תוכחה	תּוֹכָחָה	sixxh	toyxəxə	13
צמח	צֶמַח	ʦmx	tseməx	13
קרח	קֹרַח	krx	kojrəx	13
שלח	שְׁלַח	ʃlx	ʃlax	13
חלומות	חֲלוֹמוֹת	xlimis	xalojməs	13
להודות	לְהוֹדוֹת	lhidis	ləhojdəs	13
סליחות	סְלִיחוֹת	slixis	slixəs	13
הכנה	הַכָנָה	hxnh	הכנה	13
חוק	חֹק	xik	xɔk	13
רוח	רוּחַ	rix	רוח	13
טרעפֿט	טרעפֿט	trɛft	treft	13
בלק	בָּלָק	blk	balak	13
בשר	בְּשַׂר	bʃr	בשר	13
גר	גֵר	ɡr	ger	13
דם	דָּם	dəm	dom	13
הך	הַךְ	hx	xax	13
חנינא	חֲנִינָא	xnina	חנינא	13
יונתן	יוֹנָתָן	jinsən	יונתן	13
כסף	כֶּסֶף	xsf	kesef	13
לכם	לָכֶם	lxəm	לכם	13
מבשר	מְבַשֵׂר	mbʃr	מבשר	13
פסק	פּסק	pask	psak	13
חב"ד	חב"ד	xb"d	xabad	12
תשפ"ו	תשפ"ו	sʃf"i	taʃpav	12
מחלה	מַחֲלָה	mxlh	maxlə	12
מתנה	מַתָּנָה	msnh	matonə	12
מנוחה	מְנוּחָה	mnixh	מנוחה	12
סחורה	סחורה	sxirh	sxojre	12
בשבת	בְּשַׁבָּת	bʃubɛs	bəʃabəs	12
כנסת	כְּנֶסֶת	xnss	כנסת	12
מחל	מַחַל	mxl	maxl	12
נשמות	נְשָׁמוֹת	nʃmis	nəʃoməs	12
נשמת	נִשְׁמַת	nʃms	niʃmas	12
ששת	שֵׁשֶׁת	ʃʃs	ʃejʃəs	12
מחזיר	מַחֲזִיר	mxzir	maxzər	12
מצליח	מַצְלִיחַ	mʦlix	matsliəx	12
נגינות	נְגִינוֹת	nɡinis	nəginəs	12
סגולות	סגולות	sɡilis	sguləs	12
פרשיות	פּרשיות	frʃjis	parʃijəs	12
טענות	טַעֲנוֹת	tɛnis	tajnes	12
מגלה	מְגַלֶה	mɡlh	megale	12
מלכה	מַלְכָּה	mlxh	malkə	12
קבלה	קַבָּלָה	kblh	קבלה	12
רבקה	רִבְקָה	rbx	rivkə	12
בכיות	בְּכִיּוֹת	bxjis	בכיות	12
חוב	חוֹב	xib	xəv	12
חסוף	חֲשׂוֹף	xsif	χasəv	12
ישמח	יִשְׂמַח	iʃmx	jismax	12
מנוח	מָנוֹחַ	mnix	מנוח	12
נחמו	נַחֲמוּ	nxmi	nəxəmi	12
קהילה	קְהִילָה	xilh	kəhilə	12
דארפֿן	דאַרפֿן	darfən	darfn	12
העלפֿט	העלפֿט	hɛlft	העלפט	12
כרבים	כְּרַבִּים	xrbim	krabim	12
סוכּה	סֻכָּה	six	sukə	12
דבר	דָּבָר	dbr	דבר	12
ויקח	וַיִּקַּח	ɔɪkx	vajikax	12
וישלח	וַיִּשְׁלַח	ɔɪʃlx	vajɪʃlax	12
מספר	מִסְפַּר	msfr	mispər	12
מקרב	מְקָרֵב	mkrb	מקרב	12
פרט	פְּרָט	frt	prat	12
שבט	שֵׁבֶט	ʃbt	שבט	12
שקר	שֶׁקֶר	ʃkr	ʃɛkər	12
תירוץ	תֵּירוּץ	siriʦ	tejrəts	12
ש"ך	ש"ך	ʃ"x	ʃax	11
נשתנה	נִּשְׁתַּנָּה	nʃsnh	niʃtanɔ	11
הלכות	הִלְכוֹת	hlxis	xilxəs	11
חזרן	חַזֶרְן	xzrən	xazərn	11
מדת	מִדַּת	mds	midas	11
מחזק	מְחַזֵּק	mxzk	məxazək	11
מחלל	מְחַלֵּל	mxll	מחלל	11
מחשבות	מַחֲשָׁבוֹת	mxʃbis	maxʃovəs	11
מכת	מַכַּת	mxs	makəs	11
קח	קַח	kx	kax	11
שבחים	שְׁבָחִים	ʃbxim	ʃvoxim	11
שמחת	שִׂמְחַת	ʃmxs	simxəs	11
גשמיות	גשמיות	ɡʃmjis	גשמיות	11
זמירות	זְמִירוֹת	zmiris	זמירות	11
חתונות	חתונות	xsinis	xasənəs	11
תהילות	תְהִלּוֹת	ʃilis	tiləjs	11
במה	בַּמֶּה	bmh	bamɛ	11
לשמה	לִשְׁמָהּ	lʃmh	lɪʃmɔ	11
אורחים	אוֹרְחִים	irxim	אורחים	11
מציאות	מְצִיאוּת	mʦiais	mtsiəs	11
"דער	"דֶער	"dɛr	der	11
אסתר	אֶסְתֵּר	assr	ɛstər	11
תורת	תּוֹרַת	sirs	tojras	11
"וואס	"וואָס	"vus	vos	11
"ניין	"ניין	"naɪn	najn	11
הלילה	הַלַּיְלָה	hlilh	halajlə	11
קדושה	קְדוּשָׁה	kdiʃh	kdɪʃə	11
אהבתי	אָהַבְתִּי	ahbsi	ahavti	11
במ	בַּם	bəm	במ	11
גן	גַן	ɡən	gan	11
הכהן	הַכֹּהֵן	hxhn	hakojən	11
הם	הֵם	hm	hem	11
הנט	האַנט	hnt	hant	11
כך	כָּךְ	xx	kax	11
כף	כַּף	xf	kaf	11
ממזר	מַמְזֵר	mmzr	ממזר	11
שיחתי	שִׂיחָתִי	ʃixsi	sixusi	11
אתב"ש	אַתְבַּ"שׁ	asb"ʃ	atbaʃ	10
זצ"ל	זַצַ"ל	zʦ"l	zatsal	10
מהר"ל	מַהֲרַ"ל	mhr"l	maharal	10
מחנה	מַחֲנֶה	mxnh	maxnə	10
הרחמן	הָרַחֲמָן	hrxmən	haraxman	10
חם	חָם	xəm	כאם	10
שפלות	שִׁפְלוּת	ʃflis	שפלות	10
תהלים	תְּהִלִּים	ʃlim	tilim	10
חולה	חוֹלֶה	xilh	xojlə	10
חופה	חוּפָּה	xifh	xupə	10
מחצית	מַחֲצִית	mxʦis	maxatsəs	10
שחרית	שַׁחֲרִית	ʃxris	ʃaxrəs	10
שליט"א	שְׁלִיטָ"א	ʃlit"a	ʃlitə	10
דרושות	דְרוּשׁוֹת	driʃis	druʃəs	10
הלילות	הַלֵּילוֹת	hlilis	halajləs	10
במהרה	בִּמְהֵרָה	bmhrh	bimhejro	10
רבה	רַבָּה	rbh	rabə	10
שאלות	שְׁאֵלוֹת	ʃalis	ʃajləs	10
שורות	שׁוּרוֹת	ʃiris	ʃurəs	10
דעת	דַּעַת	dɛs	das	10
הזאת	הַזֹּאת	hzas	hazos	10
חזון	חֲזוֹן	xzin	חזון	10
חמור	חֲמוֹר	xmir	xamər	10
חסדי	חַסְדֵי	xsdi	xasdaj	10
שבעת	שִׁבְעַת	ʃbɛs	ʃivas	10
תצוה	תְּצַוֶּה	sʦih	tətsavə	10
וו"ו	וָו"ו	v"i	vov	10
מגילה	מְגִילָה	mɡilh	mgilə	10
סמיכה	סְמִיכָה	smixh	smiχə	10
שפּילן	שפּילן	ʃpilən	ʃpiln	10
אחרי	אַחֲרֵי	axri	axrej	10
בבל	בָּבֶל	bbl	בבל	10
ושתי	וַשְׁתִּי	iʃsi	vaʃti	10
זקן	זָקֵן	zkən	zokən	10
חיוב	חִיּוּב	xjib	xijəv	10
נדר	נֶדֶר	ndr	nejdər	10
סמך	סַמֶך	smx	saməx	10
פסקנט	פּסקנט	pasknt	paskənt	10
רַם	רַם	rəm	ram	10
שמן	שֶׁמֶן	ʃmən	ʃemən	10
הוי"ה	הַוָָיָה	hɔɪ"h	havajə	9
בדחן	בַּדְחָן	bdxaɪn	batxn	9
גדלות	גדלות	ɡdlis	gadləs	9
המתים	הַמֵּתִים	hmsim	amesim	9
חדר	חֶדֶר	xdr	חדר	9
חופּה	חוּפָּה	xiph	xupə	9
מזבח	מִזְבֵּחַ	mzbx	מזבח	9
נחמד	נֶחְמָד	nxmd	nexmod	9
נחמן	נַחְמָן	nxmən	naxmən	9
קללות	קְלָלוֹת	kllis	kloləs	9
קרבנות	קָרְבָּנוֹת	krbnis	korbonəs	9
"אם	"אִם	"am	im	9
המשיח	הַמָּשִׁיחַ	hmʃix	haməʃiəx	9
כהלכתו	כְּהִלְכָתוֹ	xhlxsi	kəxilxoso	9
מחזור	מַחֲזוֹר	mxzir	maxzər	9
ע"ה	ע"ה	ɛ"h	oləvhaʃoləm	9
תלמוד	תַּלְמוּד	slmid	talməd	9
תפלין	תּפֿילין	sflin	tfiln	9
השגה	הַשָּׂגָה	hʃɡh	השגה	9
מדה	מִדָּה	mdh	midə	9
קלה	קַלָה	klh	kalə	9
אריכות	אֲרִיכוּת	arixis	אריכות	9
חובות	חוֹבוֹת	xibis	xojvəs	9
חידושים	חִידּוּשִׁים	xidiʃim	חידושים	9
פירות	פֵּרוֹת	firis	pejrəs	9
תיבות	תֵּיבוֹת	sibis	tajvəs	9
אחר	אַחַר	axr	axar	9
בעת	בְּעֵת	bɛs	bes	9
חושך	חֹשֶׁךְ	xiʃx	xojʃəx	9
חזיר	חזיר	xzir	xazər	9
חרוב	חרובֿ	xrib	xorəv	9
חשוף	חֲשׂוֹף	xʃif	xasof	9
רוחל	רוּחֶל	rixl	ruxl	9
שוחד	שוחד	ʃixd	שוחד	9
גדולה	גְדוֹלָה	ɡdilh	גדולה	9
הקדושה	הַקְּדוֹשָׁה	hkdiʃh	hakdojʃo	9
מגדים	מְגָדִים	mɡdim	מגדים	9
משפטים	מִשְׁפָּטִים	mʃftim	miʃpotim	9
פֿלעגן	פֿלעגן	flɛɡən	flegn	9
שקלים	שְׁקָלִים	ʃklim	ʃkolim	9
אותי	אוֹתִי	isi	ojsi	9
אנחנו	אֲנַחְנוּ	anxni	anaxni	9
במדבר	בְּמִדְבַּר	bmdbr	במדבר	9
דה	דֶה	dh	də	9
דן	דָן	dən	דן	9
ואת	וְאֶת	ias	vəes	9
ושמחו	וְשִׂמְחוּ	iʃmxi	vsimxi	9
זרש	זֶרֶשׁ	zrʃ	zerəʃ	9
חוסוף	חוֹשׂוֹף	xisif	xosəf	9
יחידי	יְחִידִי	ixidi	jəxidə	9
מבטל	מְבַטֵל	mbtl	מבטל	9
מקדש	מְקַדֵּשׁ	mkdʃ	מקדש	9
מר	מַר	mr	mar	9
רחמיו	רַחֲמָיו	rxmji	raχamov	9
רם	רַם	rəm	ram	9
שכם	שכם	ʃxəm	ʃxem	9
תנאי	תְּנַאי	snaː	תנאי	9
תקיעה	תּקיעה	skiɛh	tkijə	9
מהרש"א	מהרש"א	mhrʃ"a	marʃa	8
שפֿת	שְׂפַת	ʃfs	sfas	8
ושמחה	וְשִׂמְחָה	iʃmxh	vəsimxə	8
כתיבה	כְּתִיבָה	xsibh	ksisə	8
לכתחילה	לְכַתְּחִלָּה	lxsxilh	לכתחילה	8
בזכות	בִּזְכוּת	bzxis	bizxəs	8
דלת	דָּלֶת	dls	daləd	8
הדברות	הַדִּבְּרוֹת	hdbris	adibrəs	8
הלבבות	הַלְּבָבוֹת	hlbbis	haləvovəs	8
הרחמים	הָרַחֲמִים	hrxmim	haraxamim	8
חסדים	חֲסָדִים	xsdim	חסדים	8
חסדך	חַסְדְּךָ	xsdx	xasdəxə	8
דהטלית	דַהֲטַלִּית	dhtlis	dahatalis	8
י"ג	י"ג	i"ɡ	יג	8
מות	מוֹת	mis	מות	8
קצות	קְצוֹת	kʦis	ksos	8
רשות	רְשׁוּת	rʃis	rəʃəs	8
תמימות	תְּמִימוּת	smimis	tmiməs	8
ואתה	וְאַתָּה	iaʃ	vəatɔ	8
זלפה	זִלְפָּה	zlfh	zilpə	8
אומות	אומות	imis	uməs	8
אורות	אוֹרוֹת	iris	ojres	8
וחסידים	וַחֲסִידִים	ixsidim	vaχasidim	8
סעודות	סְעוּדוֹת	sɛidis	סעודות	8
עטרת	עֲטֶרֶת	ɛtrs	aterəs	8
תעניתים	תּעניתים	sɛnisim	תעניתים	8
תקיעות	תְּקִיעוֹת	skiɛis	תקיעות	8
אמתדיק	אֱמֶתְדִיק	ɛmɛsdik	emesdik	8
בעלהבית	בַּעַל־הַבַּיִת	bɛlhbis	baləbos	8
נחום	נַחוּם	nxim	noxm	8
סוחר	סוחר	sixr	סוחר	8
וברכה	וּבְרָכָה	ibrxh	uvəroxə	8
מסורה	מְסוֹרָה	msirh	məsojrə	8
טרעפֿן	טרעפֿן	trɛfən	trefn	8
קרעפּל	קרעפּל	krɛpl	krepl	8
אחי	אֲחַי	axi	axaɪ	8
אחשורוש	אֲחַשְׁוֵרוֹשׁ	axʃiriʃ	axaʃvejrəʃ	8
אתרוג	אֶתְרוֹג	asriɡ	esrig	8
בביאת	בְּבִיאַת	bbias	bivias	8
בגלל	בִּגְלַל	bɡll	בגלל	8
בזמן	בִּזְמַן	bzmən	bizman	8
ביאת	בִּאַת	bias	biəs	8
ביתו	בֵּיתוֹ	bisi	bajso	8
בך	בָּךְ	bx	box	8
דרשנט	דַרְשְׁנְט	drʃnt	darʃənt	8
הב	הַב	hb	hav	8
הדבר	הַדָּבָר	hdbr	hadɔvɔr	8
ואהבת	וְאָהַבְתָּ	iahbs	vəɔhavtɔ	8
ויחי	וַיְחִי	ɔɪxi	ויחי	8
ויקחו	וְיִקְחוּ	ɔɪkxi	vəjɪkxikhe	8
זהב	זָהָב	ʒb	zohov	8
למד	לָמֶד	lmd	laməd	8
מחויב	מחויב	mxɔɪb	מחויב	8
מילתא	מִילְּתָא	milsa	milso	8
מסדר	מסדר	msdr	מסדר	8
מרמז	מְרַמֵז	mrmz	מרמז	8
קלמן	קַלְמָן	klmən	kalmən	8
תבוא	תָבוֹא	sbia	תבוא	8
תהיו	תִּהְיוּ	ʃji	tɪji	8
תשפ"ה	תשפ"ה	sʃf"h	tafʃinpejhej	7
תשפ"ג	תשפ"ג	sʃf"ɡ	taʃpag	7
ב"ה	ב"ה	b"h	borəxhaʃem	7
כ"ף	כַּף	x"f	kaf	7
מהרש"ל	מהרש"ל	mhrʃ"l	maharʃal	7
רשב"ם	רַשְׁבַּ"ם	rʃb"m	raʃbam	7
השגחה	הַשְׁגָחָה	hʃɡxh	haʃgoxə	7
חמדה	חֶמְדַּת	xmdh	xemdəs	7
תמחה	תִּמְחֶה	smxh	timxe	7
תפלה	תּפֿילה	sflh	tfilə	7
שחיטה	שְׁחִיטָה	ʃxith	שחיטה	7
בתורה	בַּתּוֹרָה	bsirh	בתורה	7
חמישה	חֲמִשָּׁה	xmiʃh	xamɪʃə	7
חרבונה	חַרְבוֹנָה	xrbinh	xarbəjnə	7
בהתר	בְּהֶתֵּר	bhsr	bəheter	7
הכרת	הַכָּרַת	hxrs	hakorəs	7
השתדלות	הִשְׁתַּדְלוּת	hʃsdlis	iʃtadləs	7
חמץ	חָמֵץ	xmʦ	חמץ	7
ח׳	ח׳	xʔ	xes	7
לחם	לֶחֶם	lxəm	lexəm	7
מחר	מָחָר	mxr	moxor	7
מלקות	מַלְקוֹת	mlkis	malkəs	7
משפחות	מִשְׁפָּחוֹת	mʃfxis	משפחות	7
נקבות	נְקֵבוֹת	nkbis	nəkejvəs	7
קהת	קְהָת	xs	kehos	7
"רבי	"רבי	"rɛbə	רבי	7
בעש"ט	בעש"ט	bɛʃ"t	בעשט	7
נישט"	נישט"	niʃt"	nɪʃt	7
אלחנן	אֶלְחָנָן	alxnn	אלחנן	7
בחור'ל	בחור'ל	bxirl	בחורל	7
במחלוקת	בְּמַחֲלוֹקֶת	bmxliks	bəmaxlojkes	7
החודש	הַחֹדֶשׁ	hxidʃ	haxojdeʃ	7
חברון	חֶבְרוֹן	xbrin	xevren	7
ר"עקיבא	רַ"עֲקִיבָא	r"ɛkiba	rebakivə	7
שבתון	שַׁבָּתוֹן	ʃubɛsin	ʃabosn	7
תגנוב	תִגְנֹב	sɡnib	tisnev	7
תודה	תּוֹדָה	sidh	tojdə	7
תיבה	תֵּבָה	sibh	tejvə	7
בנות	בְּנוֹת	bnis	bnojs	7
בסוכות	בַּסֻכֹּת	bsixis	basikəjs	7
המות	הַמָּוֶת	hmis	hamovəs	7
המעלות	הַמַּעֲלוֹת	hmɛlis	hamaləs	7
זכותים	זְכוּתִים	zxisim	זכותים	7
חצות	חצות	xʦis	xatsojs	7
קליפות	קְלִיפּוֹת	klifis	klipəs	7
חטאות	חַטָאָת	xtais	חטאות	7
הגבה	הַגְבָּהָה	hɡbh	hagbɔhə	7
מזה	מִזֶּה	mʒ	mizə	7
מטה	מַטֵּה	mth	מטה	7
מפלה	מַפָּלָה	mflh	מפלה	7
משקה	מַשְׁקֶה	mʃx	maʃkə	7
שנה	שָׁנָה	ʃnh	ʃɔnɔ	7
גאות	גַאֲוָה	ɡais	גאות	7
סיבות	סִיבּוֹת	sibis	sɪbəs	7
עמוקות	עֲמוּקוֹת	ɛmikis	amukəs	7
אתם	אַתֶּם	asəm	atem	7
בחקותי	בְּחֻקֹּתַי	bxkisi	bəxukosaj	7
בית־דין	בית־דין	bis din	בעזדן	7
חברותא	חבֿרותּא	xbrisa	xavrusa	7
חוקת	חֻקַּת	xiks	xukəs	7
חיל	חַיִל	xil	xajəl	7
חשוב	חָשׁוּב	xʃib	xaʃəv	7
מלכותו	מַלְכוּתוֹ	mlxisi	malxəsaj	7
נוסח	נוּסַח	nisx	nisəx	7
נותן	נוֹתֵן	nisən	nojsen	7
שבחו	שִׁבְּחוּ	ʃbxi	ʃibəxu	7
שיבת	שִׁיבַת	ʃibs	ʃivəs	7
שכוח	שכוח	ʃxix	ʃkoəx	7
שמינית	שְׁמִינִית	ʃminis	ʃminəs	7
תשא	תִשָּׂא	sʃa	tisa	7
תשעה	תִּשְׁעָה	sʃɛh	תשעה	7
תשרי	תִּשְׁרֵי	sʃri	תשרי	7
דרושה	דְרָשָׁה	driʃh	droʃə	7
הרוצה	הָרוֹצֶה	hriʧ	harojtsə	7
מלאכה	מְלָאכָה	mlaxh	מלאכה	7
שלימה	שְׁלֵמָה	ʃlimh	ʃlejmə	7
שמונה	שְׁמוֹנָה	ʃminh	ʃmojnə	7
הדברים	הַדְּבָרִים	hdbrim	hadvɔrɪm	7
הרבים	הָרַבִּים	hrbim	harabim	7
זקנים	זְקֵנִים	zknim	זקנים	7
לשמים	לַשָׁמַיִם	lʃmim	ləʃɔmajəm	7
מלמדים	מלמדים	mlmdim	məlamdəm	7
נצבים	נִצָּבִים	nʦbim	nitzovim	7
אורח	אוֹרֵחַ	irx	ojrex	7
אחיך	אָחִיךָ	axix	oxixo	7
גג	גַג	ɡɡ	gag	7
ותורתו	וְתוֹרָתוֹ	isirsi	vetojroso	7
זבן	זִיבְן	zbən	zibn	7
ז׳	ז׳	zʔ	zajən	7
יציאת	יְצִיאַת	iʦias	jetsiəs	7
ישועתי	יְשׁוּעָתִי	iʃiɛsi	jiʃiɔsi	7
מכם	מִכֶּם	mxəm	mikem	7
מקץ	מִקֵּץ	mkʦ	mikajts	7
משדך	משדך	mʃdx	məʃadəx	7
משה'ן	מֹשֶׁה'ן	mʃhn	mojʃən	7
נמשל	נמשל	nmʃl	nɪmʃl	7
פה	פֶּה	fh	pej	7
שבכל	שֶׁבְּכָל	ʃbxl	ʃəbəxɔl	7
שטן	שָׂטָן	ʃtən	שטן	7
שלם	שָׁלֵם	ʃləm	שלם	7
שש	שֵׁשׁ	ʃʃ	ʃeʃ	7
תאוה	תַּאֲוָה	saih	תאוה	7
תנ"ך	תַּנַ"ךְ	sən"x	tanax	6
תשפ"ד	תשפ"ד	sʃf"d	taʃpad	6
חבר'ה	חֶבְרָה	xɛvrə	xevrə	6
חזקה	חֲזָקָה	xzx	חזקה	6
מחשבֿות	מַחֲשָׁבוֹת	mxʃvis	maxʃɔvəs	6
פּנחס	פִּנְחָס	pnxs	pɪnxəs	6
וְשִׂמְחָה	וְשִׂמְחָה	iʃmxh	vsimxə	6
ולשמחה	וּלְשִׂמְחָה	ilʃmxh	iləsimxə	6
תשוקה	תְּשׁוּקָה	sʃix	tshuke	6
דתן	דָּתָן	dsən	dosn	6
הסתלקות	הִסְתַּלְקוּת	hsslkis	histalkəs	6
התהלך	הִתְהַלֵּךְ	hʃlx	hithaləx	6
חג	חַג	xɡ	xag	6
חק	חֹק	xk	xok	6
כתר	כֶּתֶר	xsr	kesər	6
מחדש	מחדש	mxdʃ	מחדש	6
משתתף	מִשְׁתַּתֵּף	mʃssf	משתתף	6
מתחת	מִתַּחַת	msxs	mitaxas	6
מתנגדים	מִתְנַגְדִים	msnɡdim	misnagdim	6
סדרות	סְדָרוֹת	sdris	sedrəs	6
תפתח	תִּפְתַּח	sfsx	tiftax	6
תתן	תִּתֵּן	ssən	titən	6
צדי"ק	צַדִּי"ק	ʦdi"k	tzadik	6
"אוי	"אוֹי	"ɔɪ	oj	6
"די	"די	"di	די	6
"על	"עַל	"ɛl	al	6
ו"ו	וָו"ו	i"i	vov	6
חמדתנו	חֶמְדָּתֵנוּ	xmdsni	xemdəsəni	6
יעב"ץ	יַעַבֵֿץ	jɛb"ʦ	javəts	6
יתגדל	יִתְגַּדַּל	isɡdl	jisgadəl	6
כפורת	כַּפּוֹרֶת	xfirs	kapojres	6
לאלי"	לאָלי"	lali"	loli	6
מסירת	מְסִירַת	msirs	msirəs	6
פינחס'ל	פִּינְחָסְל	finxɛs l	pinxəsl	6
תזבחו	תִּזְבָּחוּ	szbxi	tizboxu	6
תזכור	תִּזְכּוֹר	szxir	tizkor	6
תחמוד	תַחְמֹד	sxmid	taxmod	6
תפילת	תְּפִלַּת	sfils	תפילת	6
תפקיד	תַּפְקִיד	sfkid	tafkəd	6
תרומת	תְּרוּמַת	srims	truməs	6
בכורות	בְּכוֹרוֹת	bxiris	בכורות	6
גבורות	גְּבוּרוֹת	ɡbiris	gvires	6
התבודדות	הִתְבּוֹדְדוּת	hsbiddis	הסבודעדעס	6
חמורים	חֲמוֹרִים	xmirim	xamojrim	6
יפֿרח	יִפְרַח	ifrx	jifrax	6
נרות	נֵרוֹת	nris	najrəs	6
סוחרים	סוֹחֲרִים	sixrim	sojxrim	6
תמימים	תְּמִימִים	smimim	tmimim	6
תפֿילין	תְּפִלִּין	sfilin	tfiln	6
המה	הֵמָּה	hmh	hejmo	6
לשרה	לְשָׂרָה	lʃrh	ləsɔrɔ	6
מגפה	מַגֵּפָה	mɡfh	מגפה	6
נקבה	נְקֵבָה	nkbh	nkejvə	6
שמטה	שמטּה	ʃmth	ʃmitə	6
בורות	בּוֹרוֹת	biris	בורות	6
דעות	דעות	dɛis	דעות	6
הארגונות	הָאַרְגְוָנוֹת	harɡinis	hargonəs	6
הערות	הערות	hɛris	erəs	6
יוצרות	יוֹצְרוֹת	jiʦris	יוצרות	6
ימות	יָמוּת	imis	joməs	6
יסודות	יְסוֹדוֹת	isidis	jəsɔjdəs	6
כוסות	כּוֹסוֹת	xisis	kojsəs	6
כספֿ	כֶּסֶף	xsf	כסף	6
לעשות	לַעֲשׂוֹת	lɛʃis	laasojs	6
נגיעות	נְגִיעוֹת	nɡiɛis	nəgiəs	6
נסיונות	נִסְיוֹנוֹת	nsjinis	nisjones	6
עצבות	עַצְבוּת	ɛʦbis	atsvəs	6
ציציות	ציצית	ʦiʦjis	tsisəs	6
רוחניות	רוּחְנִיּוּת	rixnjis	ruxnijəs	6
תורות	תּוֹרוֹת	siris	toyres	6
אחת	אַחַת	axs	axas	6
אשת	אֵשֶׁת	aʃs	ejʃəs	6
בעתם	בְּעִתָּם	bɛsəm	bəitom	6
בקדושתו	בִּקְדֻשָּׁתוֹ	bkdiʃsi	bikdiʃoso	6
בתיה	בַּתְיָה	bsih	basjə	6
געחזרט	געחזרט	ɡɛxzrt	געחזרט	6
הבית	הַבַּיִת	hbis	הבית	6
ויתהלל	וְיִתְהַלַּל	ɔɪʃll	vəjishalal	6
זית	זַיִת	zis	zaɪs	6
חול	חוֹל	xil	חול	6
כזית	כְּזַיִת	xzis	kzajəs	6
מבית	מִבֵּית	mbis	mibejs	6
מוח	מוֹחַ	mix	mojəx	6
מערת	מְעָרַת	mɛrs	mearas	6
מתוך	מִתּוֹךְ	msix	mitox	6
עצרת	עֲצֶרֶת	ɛʦrs	atserəs	6
צורת	צוּרַת	ʦirs	צורת	6
שאגת	שַׁאֲגַת	ʃaɡs	ʃagəs	6
שבתדיקע	שבתדיקע	ʃubɛsdikə	ʃabəsdikə	6
שיכורת	שִׁכּוֹרֶת	ʃixirs	ʃixoyres	6
תוף	תּוֹף	sif	tɔjf	6
תמלא	תִּמָּלֵא	smla	timole	6
"וואָס	"וואָס	"vus	vos	6
באהבה	בְּאַהֲבָה	bahbh	bəahavə	6
בלילה	בַּלַּיְלָה	blilh	balajlo	6
המלוכה	הַמְּלוּכָה	hmlixh	haməlɔxə	6
כהונה	כְּהֻנָּה	xhinh	kəhinə	6
לטובה	לְטוֹבָה	ltibh	lətəvɔ	6
מזוזה	מְזוּזָה	mziʒ	mezuze	6
מליצה	מְלִיצָה	mliʧ	מליצה	6
נרוצה	נָרוּצָה	nriʧ	narutso	6
המלכים	הַמְּלָכִים	hmlxim	haməlɔxəm	6
נדרים	נְדָרִים	ndrim	נדארים	6
פֿרוכט	פֿרוכט	frixt	פרוכט	6
פשטים	פְּשָׁטִים	fʃtim	pʃotim	6
רמזים	רְמָזִים	rmzim	רמזים	6
אמת'ע	אֶמֶת'ע	ɛmɛsə	emese	6
בה	בָּהּ	bh	bo	6
בהם	בָּהֶם	bhm	bohem	6
בקשותינו	בַּקָּשׁוֹתֵינוּ	bkʃisini	bakoshojsajnii	6
הַדָּם	הַדָּם	hdəm	הדם	6
הבל	הֶבֶל	hbl	הבל	6
המדבר	הַמִּדְבָּר	hmdbr	המדבר	6
השלך	הַשְׁלֵךְ	hʃlx	haʃlɛx	6
וַיִּקַּח	וַיִּקַּח	iikx	vajikax	6
ובישועתך	וּבִישׁוּעָתְךָ	ibiʃiɛsx	uvjəʃuɔsχɔ	6
זב	זָב	zb	zav	6
זכותו	זְכוּתוֹ	zxisi	zxusoj	6
חילול	חִילוּל	xilil	חילול	6
יוחאי	יוֹחַאי	jixaː	jojxaj	6
יחיה	יִחְיֶה	ixih	יחיה	6
ישיבת	יְשִׁיבַת	iʃibs	jəʃivəs	6
לפרט	לִפְרָט	lfrt	ləprat	6
לשד	לְשַׁד	lʃd	ləʃad	6
לשמך	לְשִׁמְךָ	lʃmx	ləʃimxɔ	6
מנהל	מְנַהֵל	mnhl	מנהל	6
מקלט	מִקְלָט	mklt	miklət	6
עתידין	עֲתִידִין	ɛsidin	asidn	6
קדשך	קָדְשֶׁךָ	kdʃx	kadʃɛxə	6
שמך	שִׁמְךָ	ʃmx	ʃimxo	6
שמעתי	שָׁמַעְתִּי	ʃmɛsi	ʃoməti	6
שפר	שָׁפָר	ʃfr	ʃafr	6
תו	תָּו	si	tɔv	6
פּסוקים	פְּסוּקִים	psikim	psukəm	6
געחלומט	געחלומט	ɡɛxlimt	gəxoləmt	6
תשמעון"	תִּשְׁמְעוּן"	sʃmɛin"	תשמעון	5
ל"ט	ל"ט	l"t	lamɛdtes	5
סמ"ךמ"ם	סמ"ךמ"ם	səm"xəm"m	saməxmem	5
פ"ג	פ"ג	f"ɡ	pejgɪml	5
החכמה	הַחָכְמָה	hxxmh	haxoxmə	5
חרנה	חָרָנָה	xrnh	xurunu	5
מחזה	מַחֲזֵה	mxʒ	maxzə	5
נחמה	נֶחָמָה	nxmh	nəxamə	5
ספרתּורה	סֵפֶרתּוֹרָה	sfrtirh	saɪfərtaɪrə	5
קרחה	קָרְחָה	krxh	korxə	5
תכלה	תִּכְלֶה	sxlh	tixlə	5
שובב"ים	שׁוֹבָבִ"ים	ʃibb"im	ʃovavɪm	5
חזרט	חַזֶרְט	xzrt	xazərt	5
כתובה	כתובה	xsibh	kəsuvɔ	5
לתורה	לַתּוֹרָה	lsirh	לתורה	5
נתינה	נְתִינָה	nsinh	נתינה	5
דרשנות	דרשנות	drʃnis	דרשנות	5
הבדלות	הַבְדָּלוֹת	hbdlis	havdoləs	5
הנרות	הַנֵּרֹת	hnris	האנירעס	5
חלקים	חֲלָקִים	xlkim	χalokim	5
חקת	חֻקַּת	xks	xukəs	5
כפרות	כַּפָּרוֹת	xfris	כפרות	5
כרת	כָּרֵת	xrs	korəs	5
מדרגות	מַדְרֵגוֹת	mdrɡis	madrejges	5
מכח	מִכֹּחַ	mxx	mikojəx	5
מרת	מרת	mrs	מרת	5
נַחַת	נחַת	nxs	naχas	5
נחל	נַחַל	nxl	נחל	5
פלשתים	פְּלִשְׁתִּים	flʃsim	plɪʃtɪm	5
צלפחד	צְלָפְחָד	ʦlfxd	tslofxod	5
צפת	צפת	ʦfs	tsfas	5
קהלת	קהֶלֶת	xls	kojlɛlɛs	5
שבח	שֶׁבַח	ʃbx	ʃevax	5
שלחן	שֻׁלְחָן	ʃlxaɪn	שולחן	5
שמחות	שִׂמְחוֹת	ʃmxis	שמחות	5
תּלמיד־חכם	תַּלְמִיד־חָכָם	talmid xuxɛm	talmədxoxəm	5
תחת	תַּחַת	sxs	taxas	5
"פון	"פוּן	"fin	fun	5
גוט"	גוט"	ɡit"	גוט	5
ראב"ד	רַאָבַֿ"ד	rab"d	ראוואד	5
רש"א	רש"א	rʃ"a	raʃa	5
שובבי"ם	שׁוֹבָבִים	ʃibbi"m	ʃovəvim	5
תּלמידים	תַּלְמִידִים	tlmidim	talmidim	5
מגפֿה	מַגֵּפָה	mɡfh	magejfa	5
קטורת	קְטֹרֶת	ktirs	ktoyres	5
רבֿקה	רִבְקָה	rvx	rivkə	5
"יא	"יאָ	"ju	יא	5
"עם	"עַם	"ɛm	am	5
אלקיך"	אֱלֹהֶיךָ"	alkix"	אלקיך	5
בבחינת	בִּבְחִינַת	bbxins	bivxinəs	5
בחורל	בָּחוּרְל	bxirl	בחורל	5
ביתמדרש	בֵּיתמִדְרָשׁ	bismdrʃ	bejsmedreʃ	5
גברתי	גָּבַרְתִּי	ɡbrsi	gɔvərtɪ	5
ה"א	הֵא	h"a	he	5
ו"ף	ו"ף	i"f	vovfey	5
ואב"		iab"	ואב	5
ונתחזק	וְנִתְחַזֵּק	insxzk	vənəxazek	5
ושמרתם	וּשְׁמַרְתֶּם	iʃmrsəm	ושמרתם	5
י"ד	י"ד	i"d	juddaləd	5
יו"ד	יוּ"ד	ji"d	יוד	5
מחזיק	מַחֲזִיק	mxzik	maxzək	5
מחילתן	מְחִילָתָן	mxilsən	məχiləsn	5
משגיח	מַשְׁגִּיחַ	mʃɡix	maʃgiəx	5
נ"א	נ"א	n"a	נא	5
נחשון	נַחְשׁוֹן	nxʃin	naxʃn	5
עבֿירות	עבֿירות	ɛviris	avejres	5
שטות	שטות	ʃtis	ʃtəs	5
שלחני	שְׁלָחַנִי	ʃlxni	שלחני	5
תלמידחכם	תַּלְמִידחָכָם	slmidxxəm	תלמידחכם	5
תעשה	תַּעֲשֶׂה	sɛʃh	tasə	5
בשורות	בְּשׂוֹרוֹת	bʃiris	bsojrəs	5
גזירות	גזירות	ɡziris	gzajrəs	5
גמילות	גְמִילוּת	ɡmilis	gmiləs	5
זכרונות	זִכְרוֹנוֹת	zxrinis	זכרונות	5
חשיבות	חֲשִׁיבוּת	xʃibis	xaʃivəs	5
ליצנות	ליצנות	liʦnis	ליצנוס	5
לשונות	לְשׁוֹנוֹת	lʃinis	ləʃojnes	5
מופתים	מוֹפְתִים	mifsim	מופתים	5
מלאכות	מְלָאכוֹת	mlaxis	məloxəs	5
פחות	פחות	fxis	pəxəs	5
צחות	צַחוּת	ʦxis	tsaxəs	5
תשובות	תְּשׁוּבוֹת	sʃibis	tʃuvəs	5
זילפּה	זִלְפָּה	zilph	זילפא	5
ספֿירה	סְפִֿירָה	sfirh	sfira	5
אותה	אוֹתָהּ	iʃ	osə	5
הפטרה	הַפְטָרָה	hpatɛrh	haftojrə	5
לכה	לְכָה	lxh	ləxɔ	5
לשנה	לְשָׁנָה	lʃnh	ləʃana	5
מצבה	מַצֵּבָה	mʦbh	matsevə	5
מקנה	מִקְנֶה	mknh	mɪknə	5
מרבה	מַרְבֶּה	mrbh	marbe	5
קללה	קְלָלָה	kllh	klove	5
ששה	שִׁשָּׁה	ʃʃh	ʃɪʃo	5
אגודות	אגודות	aɡidis	אגודות	5
אוצרות	אוֹצְרוֹת	iʦris	אוצרות	5
בושות	בּוּשָׁה'ס	biʃis	biʃəs	5
בזיונות	בזיונות	bzjinis	bɪzjojnəs	5
דירות	דירות	diris	dirəs	5
הוצאות	הוֹצָאוֹת	hiʦais	xojzəs	5
חוט	חוּט	xit	xut	5
כּהן	כֹּהֵן	xən	koyen	5
לראות	לִרְאוֹת	lrais	lirojs	5
מכפּר	מְכַפֵּר	mxpr	mxapər	5
מעלות	מַעֲלוֹת	mɛlis	מעלות	5
עולות	עוֹלוֹת	ɛilis	עולות	5
פאות	פֶּאָהס	fais	dɪ	5
תירוצים	תירוצים	siriʦim	teritsəm	5
תנאים	תַּנָּאִים	snaːm	תנאים	5
בבית	בְּבֵית	bbis	בבית	5
בהעלותך	בְּהַעֲלֹתְךָ	bhɛlisx	bəhaləsxə	5
בעל־הבית	בַּעַל־הַבַּיִת	balɛbus	balhabas	5
בצאת	בְּצֵאת	bʦas	bejtses	5
גחון	גָחוֹן	ɡxin	gɔxən	5
הדעת	הַדַּעַת	hdɛs	hadaəs	5
היתר	הֶתֵּר	hisr	hejtər	5
וחס	וְחָס	ixs	vəxas	5
ויתקדש	וְיִתְקַדַּשׁ	ɔɪskdʃ	vəjiskadəʃ	5
ושבח	וְשֶׁבַח	iʃbx	vəʃevax	5
חומץ	חָמֵץ	ximʦ	xoməts	5
חושן	חוֹשֶׁן	xiʃən	xoʃn	5
חנני	חָנֵּנִי	xnni	xaneni	5
ישכחנו		iʃxxni	jɪʃkoxəjny	5
לקראתי	לִקְרָאתִי	lkrasi	likroysi	5
מידת	מִדַּת	mids	מידת	5
ממית	מֵמִית	mmis	majməs	5
נוחם	נוֹחֶם	nixəm	noχem	5
פשיסחא	פְּשִׁיסְחָא	fʃisxa	pʃisχə	5
צרעת	צָרַעַת	ʦrɛs	tsoraas	5
רחום	רַחוּם	rxim	raxəm	5
ריח	רֵיחַ	rix	reyekh	5
שבשמינית	שֶׁבִּשְׁמִינִית	ʃbʃminis	ʃəbiʃminəs	5
תהי	תְּהִי	ʃi	ti	5
תוקף	תּוֹקֶף	sikf	toykef	5
תשמעון	תִּשְׁמְעוּן	sʃmɛin	tiʃmɪn	5
אַתָּה	אַתָּה	aʃ	atə	5
אבקשה	אֲבַקְשָׁה	abkʃh	avakʃo	5
אדרבה	אַדְרַבָּה	adrbh	adrabə	5
ברירה	בְּרֵירָה	brirh	ברירה	5
השכינה	הַשְּׁכִינָה	hʃxinh	haʃxinə	5
ומנשה	וּמְנַשֶּׁה	imnʃh	umənaʃə	5
מדינה	מְדִינָה	mdinh	mdinə	5
נשיקה	נְשִׁיקָה	nʃix	nəʃikə	5
קטורה	קְטוּרָה	ktirh	ktiro	5
שליטה	שְׁלִיטָה	ʃlith	ʃlitə	5
שמירה	שְׁמִירָה	ʃmirh	שמירה	5
מברכים	מְבָרְכִים	mbrxim	מברכים	5
מנהגים	מִנְהָגִים	mnhɡim	מנהגים	5
מקדים	מַקְדִים	mkdim	makdim	5
מקטרגים	מְקַטְרְגִים	mktrɡim	מקטרגים	5
משלים	משלים	mʃlim	משלים	5
שלעפּט	שלעפּט	ʃlɛpt	ʃlept	5
שלעפּן	שלעפּן	ʃlɛpən	ʃlepn	5
אחיו	אחיו	axji	oxəv	5
בלב	בְּלֵב	blb	בלב	5
בנך	בִּנְךָ	bnx	binxo	5
בקהל	בִּקְהַל	bxl	bikhal	5
גד	גָד	ɡd	god	5
גזלן	גזלן	ɡzlən	gazlən	5
גשם	גֶשֶׁם	ɡʃəm	geʃem	5
דרשנ'ט	דאַרשנ'ט	drʃnt	darʃənt	5
הדם	הַדָּם	hdəm	hadom	5
המדרש	הַמִּדְרָשׁ	hmdrʃ	המדרש	5
הנר	הַנֵּר	hnr	haner	5
הקטן	הַקָּטָן	hktən	hakotn	5
השקל	הַשֶּׁקֶל	hʃkl	aʃekl	5
ואיחי		iaːxi	ואיחי	5
ונחנו	וְנַחְנוּ	inxni	vənaxnɪ	5
חומרא	חוּמְרָא	ximra	חומרא	5
יחוד	יִחוּד	ixid	יחוד	5
כבר	כְּבָר	xbr	kvar	5
ככל	כְּכָל	xxl	ככל	5
כלב	כָּלֵב	xlb	כלב	5
כרפס	כַּרְפַּס	xrfs	כרפס	5
לברך	לְבָרֵךְ	lbrx	ləvaraχ	5
לכף	לְכַף	lxf	lexaf	5
לעשותו	לַעֲשׂוֹתוֹ	lɛʃisi	laasojso	5
מהרל	מהר"ל	mhrl	מהרל	5
מקטרג	מְקַטְרֵג	mktrɡ	מקטרג	5
נדב	נָדָב	ndb	nodəv	5
נהר	נְהַר	nhr	nehar	5
נפטר	נִפְטַר	npatɛr	nifter	5
נפלאותיו	נִפְלְאוֹתָיו	nflaisji	נפלאותיו	5
נשמה'ס	נְשָׁמָה'ס	nʃmhs	nəʃoməs	5
סעודת	סעודת	sɛids	szidəs	5
קבל	קַבֵּל	kbl	kabəl	5
קדש	קָדָשׁ	kdʃ	kadəʃ	5
קנס	קְנָס	kns	קנס	5
קריעת	קְרִיעַת	kriɛs	קריעת	5
קרן	קֶרֶן	krən	kerən	5
ראשית	רֵאשִׁית	raʃis	rəjʃəs	5
רדן	רעדן	rdən	redn	5
שה	שֶׂה	ʃh	ʃe	5
שהכל	שֶׁהַכֹּל	ʃhxl	ʃəhakojl	5
תֹאכְלוּ	תֹאכְלוּ	saxli	תאכלו	5
תיו	תָּו	sji	tof	5
תקיעת	תְּקִיעַת	skiɛs	תקיעת	5
ב"ח	ב"ח	b"x	bax	4
ר"ת	ר"ת	r"s	ראשיתיבות	4
שבת"	שַׁבָּת"	ʃubɛs"	ʃabəs	4
תשפ"ב	תשפ"ב	sʃf"b	taʃpab	4
"ושננתם"	"ושננתם"	"iʃnnsəm"	vəʃinantam	4
הקב"ה	הַקָּדוֹשׁ־בָּרוּךְ־הוּא	hkb"h	hakadoʃborəxhi	4
של"ה	שְׁלַ"ה	ʃl"h	שלה	4
"זאת	"זֹאת	"zas	zojs	4
תלכו"	תלכו"	slxi"	תלכו	4
"וידעת	"וְיָדַעְתָּ	"ɔɪdɛs	veyodato	4
"וישמח"	"וְשָׂמַח"	"ɔɪʃmx"	vesojmax	4
"כל	"כָּל	"kul	קאל	4
הרמב"ם	הרמב"ם	hrmb"m	harambam	4
כ"ב	כ"ב	x"b	xafbejs	4
כ"ג	כ"ג	x"ɡ	כג	4
כ"ז	כ"ז	x"z	kafzajn	4
כ"ט	כֿ"ט	x"t	kaftes	4
ל"ב	ל"ב	l"b	laıv	4
מ"צ	מ"צ	m"ʦ	mejmtsadək	4
פ"צ	פּ"צ	f"ʦ	pejtsadək	4
רש"ב	רַשָׁ"בּ	rʃ"b	raʃab	4
ש"ן	שִׁ"ן	ʃ"n	ʃin	4
ת"ו	תָו	s"i	tof	4
תי"ו	תָּיו	si"i	tɔf	4
חגלה	חָגְלָה	xɡlh	xoglə	4
חנה	חנה	xnh	xanə	4
מחצה	מחצה	mxʧ	meχitse	4
נחלה	נַחֲלָה	nxlh	naχələ	4
תפֿיסה	תּפֿיסה	sfiʃ	tfisə	4
תרצה	תִּרְצֶה	srʧ	tirtsə	4
תשובֿה	תְּשׁוּבָה	sʃivh	תשובה	4
מלבי"ם	מלבי"ם	mlbi"m	malbim	4
פּחד	פַּחַד	pxd	paxəd	4
ונשמחה	וְנִשְׂמְחָה	inʃmxh	venismexo	4
חגיגה	חֲגִיגָה	xɡiɡh	xagigə	4
מבולחמה	מלחמה	mbilxmh	מלחמה	4
פשטות	פַּשְׁטוּת	fʃtis	paʃtəs	4
שחטן	שַׁחְטְן	ʃxtən	ʃaxtn	4
תמימה	תְּמִימָה	smimh	tmimə	4
תקופה	תקופה	skifh	תקופה	4
בקשות	בַּקָּשׁוֹת	bkʃis	bakɔʃəs	4
בשמחת	בְּשִׂמְחַת	bʃmxs	bisimxəs	4
החמת	הַחֵמֶת	hxms	haxaɪməs	4
המתקת	הַמְתָּקַת	hmsks	hamtokas	4
הרת	הֲרַת	hrs	haras	4
השגות	הַשָּׂגוֹת	hʃɡis	hasogəs	4
התלהבות	הִתְלַהֲבוּת	hslhbis	התלהבות	4
חזנות	חַזָּנוּת	xznis	xazənəs	4
חזר'ן	חזר'ן	xzrən	xazərn	4
חלב	חָלָב	xlb	xələv	4
חנם	חִנָּם	xnm	χinəm	4
חסר	חָסֵר	xsr	xosər	4
חצר	חָצֵר	xʦr	xutser	4
חקכם		xkxəm	xukjxem	4
חשק	חשק	xʃk	chaashek	4
חתנים	חֲתָנִים	xsnim	xasanim	4
כשרות	כַּשְׁרוּת	xʃris	kaʃrəs	4
למנצח	למנצח	lmnʦx	lamnatsejakh	4
לקח	לֶקַח	lkx	lokax	4
מכפות	מַכּוֹת	mxfis	makəs	4
ממלכת	מַמְלֶכֶת	mmlxs	mamlɛxɛs	4
מסחר	מִסְחָר	msxr	misxər	4
משנת	מִשְׁנַת	mʃns	miʃnas	4
מתפלל	מִתְפַּלֵּל	msfll	mɪspaləl	4
נדבות	נְדָבוֹת	ndbis	nedoves	4
נחש	נָחָשׁ	nxʃ	noxəʃ	4
נצח	נֶצַח	nʦx	najtsax	4
סלח	סְלַח	slx	slax	4
סרח	סֶרַח	srx	serax	4
פנחס'ל	פִּנְחָסְל	fnxɛs l	pinxəsl	4
פתח	פֶּתַח	fsx	pesax	4
צדקת	צדקת	ʦdks	צדקת	4
רחמן	רַחֲמָן	rxmən	raxmɔn	4
שׁלח	שׁלח	ʃlx	ʃəlax	4
שבנצח	שֶׁבְּנֶצַח	ʃbnʦx	ʃəbnajtsax	4
שבתות	שַׁבָּתוֹת	ʃubɛsis	ʃabosəs	4
שלשלת	שַׁלְשֶׁלֶת	ʃlʃls	ʃalʃeləs	4
תשכח	תִּשְׁכָּח	sʃxx	tiʃkax	4
"שומרים"	"שׁוֹמְרִים"	"ʃimrim"	ʃojmrɪm	4
בלע"ז	בַּלַעַז	blə"z	בלעז	4
הארץ"	הָאָרֶץ"	harʦ"	hajrəts	4
השפּעות	הַשְׁפָּעוֹת	hʃpɛis	haʃpoəs	4
ז"ין	זַיִן	z"in	zajn	4
קל"א	קַלַּ"א	kl"a	kuflamedalef	4
רַשִׁ"י	רַשִׁ"י	rʃ"i	raʃi	4
רי"ש	רֵישׁ	ri"ʃ	rəjʃ	4
רל"א	רל"א	rl"a	rajlamɛdalɛf	4
חלומט	חָלֶמְט	xlimt	xoləmt	4
מבטחו	מִבְטַחוֹ	mbtxi	מבטחו	4
"איז	"איז	"iz	איז	4
"אני	"אֲנִי	"ani	אני	4
"והיה	"וְהָיָה	"ihih	ויהיה	4
"והיה"	"וְהָיָה"	"ihih"	והיה	4
"ולא	"וְלֹא	"ila	velo	4
"נו"	"נוּ"	"ni"	nɪ	4
אדמו"ר	אַדמוּ"ר	admi"r	admor	4
אחכה	אֲחַכֶּה	axxh	axakə	4
אמרתם	אֲמַרְתֶּם	amrsəm	amartəm	4
בהעלתך	בְּהַעֲלֹתְךָ	bhɛlsx	בעאלויסכא	4
בחלקו	בְּחֶלְקוֹ	bxlki	בחלקו	4
בחקתי	בחקתי	bxksi	בחקתי	4
בעזרת	בְּעֶזְרַת	bɛzrs	bɛzras	4
בקדושת	בִּקְדוּשַׁת	bkdiʃs	bikdiʃas	4
דא"	דאָ"	du"	דא	4
הַמַּאֲכֶלֶת	הַמַּאֲכֶלֶת	hmaxls	hamakheles	4
הָיְתָה	הָיְתָה	hiʃ	hajtɔ	4
הוּא"	הוּא"	hia"	hu	4
הטובות	הַטּוֹבוֹת	htibis	atojvɔs	4
הניבחר	הַנִּבְחָר	hnibxr	הניבחר	4
הצרעת	הַצָּרַעַת	hʦrɛs	hatsaraas	4
הרבית	הִרְבֵּיתָ	hrbis	hirbejso	4
התמיד	הַתָּמִיד	hsmid	hatamid	4
וזריחתה	וְזָרִיחָתָהּ	izrixʃ	nəzarixasaə	4
ונסלח	ונסלח	inslx	ונסלח	4
ונשמח	וְנִשְׂמַח	inʃmx	vənismax	4
חזקאל	חֶזְקֵאל	xzkal	חזקאל	4
חזקיה	חִזְקִיָּה	xzkih	xizkijə	4
חסידך	חסידך	xsidx	xasidəxa	4
טהורות	טְהוֹרוֹת	thiris	tərəs	4
י"צ	י"צ	i"ʦ	judtsadik	4
יחישנה	יְחִישֶנָה	ixiʃnh	jəxiʃɛnɔ	4
ישראל"	יִשְׂרָאֵל"	iʃral"	yisroel	4
כ"א	כ"א	x"a	xafaləf	4
כוללת	כּוֹלֶלֶת	xills	kojlelɛs	4
כורח׳ן	קורח׳ן	xirxaɪn	kojrexn	4
כחומר	כַּחֹמֶר	xximr	kakhojmər	4
להחזיק	לְהַחֲזִיק	lhxzik	ləxazajk	4
מחומר	מֵחוֹמֶר	mximr	mexoimer	4
מסכתא	מַסֶּכְתָּא	msxsa	masɛxtə	4
משמחין	מְשַׂמְחִין	mʃmxin	məsamxin	4
נא"	נָא"	na"	no	4
נחצריח	נִחַצְרִיחַ	nxʦrix	nixatsrix	4
נתרפא	נִתְרַפֵּא	nsrfa	nətrəpə	4
סותה	סוּתֹה	siʃ	sisoj	4
סלחתי	סָלַחְתִּי	slxsi	סאלאכטי	4
פארשת	פַּרָשַׁת	farʃs	parʃəs	4
רחמיך	רַחֲמֶיךָ	rxmix	raxamexa	4
רחמנא	רַחֲמָנָא	rxmna	raxmənɔ	4
ש"י	שּׁ"י	ʃ"i	ʃinjud	4
שטותים	שטותים	ʃtisim	ʃtisəm	4
שמירת	שְׁמִירַת	ʃmirs	שמירת	4
תורה'ס	תּוֹרָה'ס	sirhs	תורהס	4
תורתך	תּוֹרָתֶךָ	sirsx	tojrusɛxu	4
תזכרו	תִּזְכְּרוּ	szxri	תיזכרו	4
תחנון	תַּחֲנוּן	sxnin	tachnun	4
תפארתכם	תִּפְאַרְתְּכֶם	sfarsxəm	tifartəxəm	4
אקדמות	אַקְדָמוּת	akdmis	akdoməs	4
באחדות	באַחדות	baxdis	bəaxdəs	4
בחינות	בְּחִינוֹת	bxinis	bxɪnəs	4
בשלימות	בִּשְׁלֵמִיס	bʃlimis	בשלימות	4
בתמימות	בִּתְמִימוּת	bsmimis	bismiməs	4
הדורות	הַדּוֹרוֹת	hdiris	hadojrəs	4
הילכות	הִלְכוֹת	hilxis	hilxəs	4
המילות	הַמִּלּוֹת	hmilis	hamiləs	4
ותשבחות	ותשבחות	isʃbxis	ותשבחות	4
זכירות	זְכִירוֹת	zxiris	zxirəs	4
חסרונות	חֶסְרוֹנוֹת	xsrinis	חסרונות	4
חשבונות	חֶשְׁבּוֹנוֹת	xʃbinis	xəʃboənəs	4
כחולמים	כְּחֹלְמִים	xxilmim	xəxɔilmim	4
כירחמים	כִּרַחֲמִים	xirxmim	kiraxamim	4
לדורות	לְדוֹרוֹת	ldiris	lədojrəs	4
להעלות	לְהַעֲלוֹת	lhɛlis	ləhaləs	4
ממות	מִמָּוֶת	mmis	məmɔvəs	4
מנות	מָנוֹת	mnis	monəs	4
מנשיקות	מִנְּשִׁיקוֹת	mnʃikis	minəʃikəjs	4
משניות	מִשְׁנָיוֹת	mʃnjis	miʃnojəs	4
מתגוללים	מִתְגּוֹלְלִים	msɡillim	misgojləlim	4
מתים	מֵתִים	msim	mejsim	4
עסקנות	עַסְקָנוּת	ɛsknis	עסקנות	4
קהילות	קהילות	xilis	קהילות	4
רבות	רַבּוֹת	rbis	rabɔs	4
שליחות	שְׁלִיחוּת	ʃlixis	שליחות	4
שלש־סעודות	שלש־סעודות	ʃlʃ sɛidis	ʃaləʃidəs	4
תּלמידי	תַּלְמִידֵי	tlmidi	talmidej	4
תּפֿילין	תְּפִלִּין	tfilin	tfɪlən	4
תמים	תָּמִים	smim	תמים	4
חטאים	חֲטָאִים	xtaːm	חטאים	4
כּשושנה	כַּשּׁוֹשַׁנָּה	kʃiʃnh	kaʃoʃano	4
בצרה	בְצָרָה	bʦrh	vətsoro	4
דרשה	דְּרָשָׁה	drʃh	drɔʃə	4
הרנה	הָרִנָּה	hrnh	arinə	4
זקנה	זִקְנָה	zknh	zikno	4
יאתה	יָאָתָה	jaʃ	joəsə	4
כמה	כַּמָּה	xmh	כמה	4
מזכה	מְזַכֶּה	mzxh	məzakə	4
מטטה		mtth	matatə	4
פנה	פָנָה	fnh	פנה	4
אלקות	אֱלֹקוּת	alkis	elokəs	4
אמהות	אִמָהוֹת	amhis	אמהות	4
בעל־בית׳טע		bɛl bistə	באלבאסטע	4
האות	הָאוֹת	hais	hoos	4
היות	הֱיוֹת	hjis	hajəs	4
העדות	הָעֵדֻת	hɛdis	העדות	4
ומענות		imɛnis	ומענות	4
ונחמודים	וְנֶחְמָדִים	inxmidim	vənəxmodim	4
חשמונאים	חַשְׁמוֹנָאִים	xʃminaːm	xaʃmənɔəm	4
טומאתם	טוּמְאָתָם	timasəm	tumosəm	4
ישיבות	יְשִׁיבֿוֹת	iʃibis	jəʃivəs	4
כּשרן	כַּשֶׁרְן	kʃrən	kashern	4
לוחות	לוּחוֹת	lixis	luxes	4
נפתליטשע	נַפְתָּלִיטְשֶׁע	nfsliʧə	naftalitʃɛ	4
נקיות	נְקִיּוּת	nkjis	נקיות	4
סוגיות	סוּגְיוֹת	siɡjis	סוגיות	4
עזות	עַזּוּת	ɛzis	azəs	4
פֿשט	פְּשָׁט	fʃt	pʃat	4
פנימיות	פְּנִימִיּוּת	fnimjis	pnɪmjəs	4
צבאות	צְבָאוֹת	ʦbais	tsəvɔjəs	4
ראשיתיבות	רָאשֵׁיתֵּיבֿוֹת	raʃisibis	rasjtejvəs	4
שבֿט	שֵׁבֶט	ʃvt	ʃejvət	4
שבֿטים	שְׁבָטִים	ʃvtim	ʃvotim	4
תּבואה		tbiah	tvojas	4
תינוקות	תִּינוֹקוֹת	sinikis	tɘnojkɘs	4
תנועות	תְּנוּעוֹת	sniɛis	תנועות	4
תשעים	תִּשְׁעִים	sʃaɪm	תשעים	4
איבערחזרן	איבערחזרן	ibɛrxzrən	ibərxazərn	4
אלףבית	אַלףבית	alfbis	אלףבית	4
אמת'דיג	אֱמֶת'דִיג	ɛmɛsdiɡ	eməsdik	4
אמת'ן	אֶמֶת'ן	ɛmɛsən	eməsn	4
אמתדיג	אֶמֶתְדִיג	ɛmɛsdiɡ	אמתדיג	4
בושת	בּוֹשֶׁת	biʃs	בושת	4
ביתך	בֵיתְךָ	bisx	bejsxo	4
ואתחנן	וָאֶתְחַנַּן	iasxnn	voesxanan	4
ובחסדו	וּבְחַסְדּוֹ	ibxsdi	uvχasdo	4
וחסד	וָחֶסֶד	ixsd	vəxəjsəd	4
ותלמוד	וְתַלְמוּד	islmid	vtalməd	4
חוה	חַוָּה	xih	xava	4
חושב	חוֹשֵׁב	xiʃb	xoʃəv	4
חושד	חוֹשֵׁד	xiʃd	xojʃəd	4
חי׳	חיה	xiʔ	xaj	4
חכמי	חַכְמֵי	xxmi	xaxme	4
חסידיש	חסידיש	xsidiʃ	xəsɪdɪʃ	4
יחזקאל	יְחֶזְקֵאל	ixzkal	יחזקאל	4
ישכח	יִשָּׁכַח	iʃxx	jiʃoxax	4
כגיגית	כְּגִיגִית	xɡiɡis	kəgigəs	4
כזאת	כַּזֹּאת	xzas	kəzojs	4
לַמִשְׁפְּחֹתָיו	לַמִשְׁפְּחֹתָיו	lmʃfxsji	lamıʃpəxojsɔv	4
לוח	לוּחַ	lix	lux	4
לעבודתך	לַעֲבוֹדָתְךָ	lɛbidsx	laavojdosxo	4
מותר	מוּתָּר	misr	mutər	4
מחי	מְחֵי	mxi	mxaɪ	4
מצותיה	מִצְוֹתֶיהָ	mʦisih	mitzvojsejo	4
משפחותומום	מִשְׁפְּחוֹתִימוֹם	mʃfxisimim	miʃpɔxosijmɔm	4
מתי	מָתַי	msi	mataj	4
ניסח	נוּסַח	nisx	nisəχ	4
סוכת	סֻכַּת	sixs	סוכת	4
סולת	סֹלֶת	sils	sejləs	4
עזרתני	עֲזַרְתַּנִי	ɛzrsni	azartani	4
עקדת	עֲקֵדַת	ɛkds	akejdəs	4
פוסח	פּסח	fisx	pajsaχ	4
פיקח	פיקח	fikx	pɪkəax	4
פתחי	פִּתְחֵי	fsxi	pisxej	4
רחמי	רַחֲמֵי	rxmi	raxmaj	4
שבתדיגע	שבת'דיגע	ʃubɛsdiɡə	ʃabəsdɪgə	4
שפתי	שִׂפְתֵי	ʃfsi	שפתי	4
תבלו	תֵּבָלוּ	sbli	tevaloi	4
תדע	תֵּדַע	sdə	tajdə	4
תהא	תְּהֵא	ʃa	tihe	4
תוקד	תּוּקַד	sikd	tukad	4
תורתנו	תּוֹרָתֵנוּ	sirsni	toyrosenu	4
תירץ	תֶּירֶץ	sirʦ	tirəts	4
תמנו	תָמְנוּ	smni	samni	4
תנא	תַּנָּא	sna	tanə	4
תצא	תֵצֵא	sʦa	tejtse	4
תשבו	תֵּשְׁבוּ	sʃbi	tiʃvi	4
תשמע	תִּשְׁמַע	sʃmə	tiʃmə	4
אלמנה	אַלְמָנָה	almnh	almɔnɔ	4
בגבורה	בִּגְבוּרָה	bɡbirh	bigvurə	4
בערמה	בְּעָרְמָה	bɛrmh	bejrme	4
בשורה	בְּשׂוּרָה	bʃirh	bsirə	4
וטהרה	וְטַהֲרָה	ithrh	וועטהארע	4
ורננה	וּרְנָנָה	irnnh	vrnone	4
חטאנו	חָטָאנוּ	xtani	xatɔnjy	4
מאהבה	מֵאַהֲבָה	mahbh	meahave	4
משיכה		mʃixh	משיכה	4
פטירה	פְּטִירָה	ftirh	פטירה	4
קוטונתי	קָטֹנְתִּי	kitinsi	קוטונתי	4
בדברים	בִּדְבָרִים	bdbrim	bidvorim	4
דכפֿין	דִּכְפִין	dxfin	dɪxpɪn	4
המשקים	הַמַּשְׁקִים	hmʃkim	המשקים	4
הקטנים	הַקְּטַנִּים	hktnim	haktanəm	4
השנים	הַשָּׁנִים	hʃnim	hashonim	4
טובֿה	טוֹבָה	tivh	טובה	4
מרבים	מַרְבִּים	mrbim	marbim	4
נסכים	נסכים	nsxim	nsoxim	4
ספרדים	ספרדים	sfrdim	sfardəm	4
קטנים	קְטַנִּים	ktnim	ktanim	4
רהבים	רְהָבִים	rhbim	רהבים	4
שלאפֿן	שְׁלָאפְֿן	ʃlafən	ʃlofn	4
אבותי	אֲבוֹתַי	abisi	avojsoj	4
אבתיך	אַבְתָיִךְ	absix	avtajx	4
אוהבתי	אָהַבְתִּי	ihbsi	ohavti	4
אומרת	אוֹמֶרֶת	imrs	אומרת	4
אחינו	אַחֵינוּ	axini	exɔv	4
אחרא	אַחֲרָא	axra	axrə	4
אמתדיגע	אֱמֶתְדִיגֶע	ɛmɛsdiɡə	אמתדיגע	4
אמתע	אֶמֶתע	ɛmɛsə	eməsə	4
בבקר	בַּבֹּקֶר	bbkr	bəbojkər	4
בגד	בגד	bɡd	בגד	4
בחוקותי	בְּחֻקֹּתַי	bxikisi	bəxikajs	4
בטלן	בַּטְלָן	btlən	batlən	4
בטנך	בִּטְנְךָ	btnx	bɪtnəxɔ	4
בפרט	בִּפְרָט	bfrt	בפרט	4
ברמז	בְּרֶמֶז	brmz	brɛmɛz	4
ברק	בְּרַק	brk	ברק	4
בשבט	בִּשְׁבָט	bʃbt	בשבט	4
גגם	גַּם	ɡɡəm	gam	4
גמל	גמל	ɡml	giməl	4
גס		ɡs	גס	4
דבש	דְּבַשׁ	dbʃ	דבש	4
דורותיכם	דּוֹרוֹתֵיכֶם	dirisixəm	dojrəjsajxəm	4
דרש	דָּרַשׁ	drʃ	dorəʃ	4
דרשן	דַּרְשָׁן	drʃən	darʃn	4
ד׳	ד׳	dʔ	dalət	4
הַמֶּלֶךְ	הַמֶּלֶךְ	hmlx	המלך	4
הגבר	הַגֶּבֶר	hɡbr	הגבר	4
הגם	הַגַם	hɡəm	agam	4
ההר	הָהָר	hhr	hohar	4
הזמן	הַזְּמַן	hzmən	hazman	4
הכלל	הַכְּלָל	hxll	haklal	4
המשכן	הַמִּשְׁכָּן	hmʃxən	hamiʃkn	4
הן	הֵן	hn	hen	4
הנפש	הַנֶּפֶשׁ	hnfʃ	הנפש	4
השכל	הַשְׂכֵּל	hʃxl	השכל	4
השמן	הַשָּׁמֶן	hʃmən	haʃomen	4
התניא	הַתַּנְיָא	hsnia	hatanye	4
ואח	וְאָח	iax	vəax	4
ואנחנו	וַאֲנַחְנוּ	ianxni	vaanaxni	4
וברחמיו	וּבְרַחֲמָיו	ibrxmji	uvraxamov	4
וגרשתיו	וְגֵרַשְׁתִּיו	iɡrʃsji	vegeraʃtiv	4
וזאת	וְזֹאת	izas	vəzojs	4
וחי	וָחַי	ixi	vəxaj	4
וניחמתני	וְנִחַמְתַּנִי	inixmsni	venichamtuni	4
ונתתי	וְנָתַתִּי	inssi	ונתתי	4
וסיפתו	וְסִפַּתּוֹ	isifsi	vəsipatəv	4
ועניתם	וְעִנִּיתֶם	iɛnisəm	vəjnejtəm	4
ותשוב	וּתְשׁוּב	isʃib	utʃuv	4
זעקתי	זָעָקְתִּי	zɛksi	zaakəti	4
חיבוק	חִיבּוּק	xibik	xibuk	4
חינוך	חִינוּך	xinix	חינוך	4
חסדויו	חַסְדּוֹי	xsdɔɪi	xasdojv	4
חענקע	כֶענְקֶע	xɛnkə	xɛŋkə	4
חשובע	חֲשׁוּבֶֿה	xʃibə	xəʃivə	4
יִתַּמּוּ	יִתַּמּוּ	ismi	jitamu	4
ידעתני	יְדַעְתַּנִי	idɛsni	yadatani	4
יולדת	יוֹלֶדֶת	jilds	yoyledəs	4
יותר	יוֹתֵר	jisr	יותר	4
יחיאל	יְחִיאֵל	ixial	jəxiəl	4
יקרחו	יִקְרְחוּ	ikrxi	jikrəxu	4
כדרך	כְּדֶרֶךְ	xdrx	kderəx	4
ככר	כִכַּר	xxr	kikər	4
כשם	כְּשֵׁם	xʃəm	kəʃem	4
כשר'ן	כּשר'ן	xʃrən	kaʃern	4
כשרן	כַּשְׁרְן	xʃrən	kaʃərn	4
לבך	לִבֶּךָ	lbx	libexə	4
להשם	לַהַשֵּׁם	lhʃəm	lashem	4
לה׳	לַה'	lhʔ	ləʃem	4
לישועתך	לִישׁוּעָתְךָ	liʃiɛsx	liʃuəsxe	4
לךלך	לֶךְ־לְךָ	lxlx	lɛxlɛxa	4
לקבל	לְקַבֵּל	lkbl	ləkabl	4
לקדש	לְקַדֵּשׁ	lkdʃ	lekadeʃ	4
מָלן	מָאלְן	mlən	מאלן	4
מגן	מָגֵן	mɡən	mogən	4
מדבק	מִדַּבֵּק	mdbk	mədabək	4
מהר	מַהֵר	mhr	mahajr	4
מוכיח	מוֹכִיחַ	mixix	majxiax	4
ממסגר	מִמַּסְגֵּר	mmsɡr	mimasgər	4
מס	מַס	ms	mas	4
מספד	מִסְפֵּד	msfd	מספד	4
מרן	מרן	mrən	moran	4
ן'ן	ן'ן	nn	nunən	4
נמרד	נִמְרֹד	nmrd	nɪmrɔd	4
נפשך	נַפְשְׁךָ	nfʃx	nafʃəxo	4
סכך	סכך	sxx	sxax	4
סם	סַם	səm	sam	4
עברית	עברית	ɛbris	ivris	4
עידית	עידית	aɪdis	עידית	4
ערבית	עַרְבִית	ɛrbis	ערבית	4
פגם	פְּגָם	fɡəm	pgam	4
פרק	פֶּרֶק	frk	פרק	4
פש	פְשְׁ	fʃ	pʃ	4
פשש	פּשש	fʃʃ	פשש	4
צמר	צֶמֶר	ʦmr	tsemɛr	4
קדשם	קַדְּשֵׁם	kdʃəm	kadʃaım	4
קויתי	קִוִּיתִי	kɔɪsi	kojviti	4
קן	קֶן	kən	kɛn	4
קץ	קֵץ	kʦ	kajts	4
קריאת	קְרִיאַת	krias	kris	4
רכש	רֵישׁ	rxʃ	reʃ	4
שבר	שֶׁבֶר	ʃbr	ʃɛvɛʁ	4
שדך	שדך	ʃdx	שדך	4
שרץ	שֶׁרֶץ	ʃrʦ	ʃerəts	4
ש׳	שִׁין	ʃʔ	ʃin	4
תליתאי	תְּלִיתָאִי	slisaː	tlejsai	4
תנועה	תְּנוּעָה	sniɛh	tniə	4
תניא	תַּנְיָא	snia	tanjə	4
שובֿבֿים	שׁוֹבָבִים	ʃivvim	ʃovəvɪm	4
הייתה	הָיְתָה	haɪʃ	hojtə	4
תרפ"ה	תרפֿ"ה	srf"h	tərpa	3
"תן	"תֵּן	"sən	תן	3
השבת"	הַשַּׁבָּת"	hʃubɛs"	השבת	3
לחם"	לֶחֶם"	lxəm"	lecxem	3
ת"ף	תָּ"ף	s"f	תאף	3
תשב"ץ	תּשב"ץ	sʃb"ʦ	תשבץ	3
תשנ"ז	תשנ"ז	sʃən"z	taʃnaz	3
"וַסָלַחְתָּ	"וַסָלַחְתָּ	"islxs	vɯsolaxto	3
והצלחה"	וְהַצְלָחָה"	ihʦlxh"	vəhatsloxə	3
חב"ד'סקע	חב"ד'סקע	xb"dskə	xabadskə	3
חב"דסקע	חב"דסקע	xb"dskə	xabadskə	3
מחותן"	מְחוּתָן"	mɛxitən"	mexutn	3
"ברכה	"בְּרָכָה	"bruxə	broxə	3
הבית"	הַבַּיִת"	hbis"	habajəs	3
סוחרים"	סוֹחֲרִים"	sixrim"	סוחרים	3
תורה"	תּוֹרָה"	tɔɪɛrə"	תורה	3
תרע"ד	תרע"ד	srə"d	tarad	3
חב"צקער	חַבַּ"צְקער	xb"ʦkɛr	חבצקער	3
"ואחר	"ואַחר	"iaxr	vəaxar	3
"ובערת	"וּבִעַרְתָּ	"ibɛrs	uvɪarta	3
ב"ז	בּ"ז	b"z	bejzajn	3
הגה"ק		hɡh"k	hagak	3
ז"ל	זַ"ל	z"l	zal	3
ח"י	חַ"י	x"i	chay	3
כ"ד	כ"ד	x"d	כד	3
כ"ה	כ"ה	x"h	kafhe	3
כ"ן	כֵּן	x"n	kejn	3
כֿ"ף	כֿ"ף	x"f	xɔf	3
ל"ג	ל"ג	l"ɡ	lag	3
מ"ב	מ"ב	m"b	מב	3
מ"ד		m"d	memdoled	3
מהר"ם	מַהֲרַ"ם	mhr"m	maharam	3
מרש"ך	מרש"ך	mrʃ"x	marʃax	3
משה"	מֹשֶׁה"	mɔɪʃə"	mojʃə	3
ס"ם	ס"ם	s"m	saməxməm	3
ס"מ	סָ"מֶם	s"m	סאמעךמעם	3
סמ"מ	ס"מ	səm"m	samɘχmɘm	3
פ"ה	פ"ה	f"h	paɪhaɪ	3
ק"ל	ק"ל	k"l	kal	3
רש"ש	רַשַׁ"שׁ	rʃ"ʃ	raʃaʃ	3
ש"ב	ש"ב	ʃ"b	מב	3
העלפֿן"	הֶעלפֿן"	hɛlfən"	helfn	3
ר"חיים	רַ"חַיִּים	r"xaɪm	rebχajɘm	3
בחכמה	בְּחָכְמָה	bxxmh	bəxoxmə	3
בשלחה	בְּשַׁלַּח	bʃlxh	bəʃalach	3
בשמחתה	בְּשִׂמְחָתָהּ	bʃmxʃ	bsamxɔsə	3
חדשה	חֲדָשָׁה	xdʃh	xadaɔʃɔ	3
חמה	חַמָּה	xmh	xamə	3
למלחמה	לַמִּלְחָמָה	lmlxmh	ləmɪlxomə	3
שמלחה	שמלחה	ʃmlxh	שמלחה	3
תְּשׁוּבָה	תְּשׁוּבָה	sʃibh	tshive	3
תחלה	תְּחִלָּה	sxlh	tχilə	3
תקנה	תַּקָּנָה	sknh	טאקאנע	3
בעז"ה		bɛz"h	bəezrəshaʃem	3
הנשים"	הַנָּשִׁים"	hnʃim"	hanoʃim	3
כּנסת	כְּנֶסֶת	knss	כנסת	3
מהרי"ל	מַהֲרִי"ל	mhri"l	maharil	3
פּשתן	פִּשְׁתָּן	pʃsən	piʃtn	3
שׂמח	שָׂמֵחַ	smx	שמח	3
"ואכלה	"וְאָכְלָה	"iaxlh	vexle	3
בחיים"	בַּחַיִּים"	bxaɪm"	baxajəm	3
בחירה	בְּחִירָה	bxirh	bxirə	3
בחמישה	בַּחֲמִישָׁה	bxmiʃh	בחמישה	3
בטלות	בַּטְלוּת	btlis	בטלות	3
דתורה	דְּתוֹרָה	dsirh	דתורה	3
הַמַּטּוֹת	הַמַּטּוֹת	hmtis	hamatəs	3
והצלחה	וְהַצְלָחָה	ihʦlxh	vatslokə	3
חסידה	חֲסִידָה	xsidh	xəsidə	3
חתימה	חֲתִימָה	xsimh	חתימה	3
להטות	לַהֲטֹת	lhtis	ləhatəs	3
לקיחה	לְקִיחָה	lkixh	ləxixə	3
מומחה	מומחה	mimxh	מומחה	3
מחומה	מְחוֹמָה	mximh	mxojme	3
מריחה	מְרִיחָה	mrixh	mərixə	3
סליחה	סְלִיחָה	slixh	slixə	3
סתומה	סְתוּמָה	ssimh	stumə	3
קטנות	קַטְנוּת	ktnis	קטנות	3
שחט׳ן	שַׁחְטְנְ	ʃxtən	ʃeχtn	3
תט	תִּת	st	tit	3
תרימה	תְּרוּמָה	srimh	trɪmə	3
בדחנים	בַּדְחָנִים	bdxnim	בדחנים	3
בחזקת	בְּחֶזְקַת	bxzks	bəxezkas	3
במקהלות	בַּמַּקְהֵלֹת	bmxlis	במקהלת	3
בסתר	בַּסֵּתֶר	bssr	בסתר	3
ברחמים	בְּרַחֲמִים	brxmim	brəxaməm	3
ב׳ח׳פ׳	בְּחָפֵץ	bxfʔ	baxaf	3
גדלת	גָדַלְתָּ	ɡdls	godalto	3
גזמות	גזמות	ɡzmis	gəzməs	3
דבקות	דְּבֵקוּת	dbkis	dvikəs	3
דל׳ת	דָּלֶת	dls	dalət	3
דרגות	דרגות	drɡis	dargəs	3
הגדות	הגדות	hɡdis	hagodəs	3
הגהות	הַגָהוֹת	hɡhis	הגהות	3
הדלקת	הַדְלָקַת	hdlks	hadlokas	3
החסדים	הַחֲסָדִים	hxsdim	haxasadim	3
החתן	הַחָתָן	hxsən	xasən	3
המזבח	הַמִּזְבֵּחַ	hmzbx	hamizbeyax	3
המת	הַמֵּת	hms	hamɛs	3
הנהגות	הַנְהָגוֹת	hnhɡis	hanhagəs	3
הקברות	הַקְּבָרוֹת	hkbris	hakvorəs	3
הקדמות	הַקְדָמוֹת	hkdmis	hakdomos	3
השגחות	השגחות	hʃɡxis	hashgɔxəs	3
השלח	הַשִּׁלֹחַ	hʃlx	haʃiəlaχ	3
זבחים	זְבָחִים	zbxim	zvɔxim	3
חזר׳ן	חַזֶר׳ן	xzrən	חזרן	3
חכמת	חָכְמַת	xxms	חכמת	3
חל	חָל	xl	xɔl	3
חמס	חָמָס	xms	xomos	3
חמת	חֶמֶת	xms	xejmes	3
חננ'ן	חַננ'ן	xnnn	xanənən	3
חסדכם	חַסְדְּכֶם	xsdxəm	xasdxejm	3
חקק		xkk	חקק	3
חרם	חֵרֶם	xrəm	חיירעם	3
חתך	חת"ך	xsx	xatəx	3
ח׳ד׳ש׳	חָדָשׁ	xdʃʔ	xadas	3
כתמר	כַּתָּמָר	xsmr	katomor	3
לבשת	לָבָשְׁתָּ	lbʃs	lovaʃto	3
לזכות	לְזַכּוֹת	lzxis	ləzakəs	3
לחזות	לֶחֱזוֹת	lxzis	lexəzojs	3
לחכם	לְחָכָם	lxxəm	לחכם	3
לרבות	לְרַבּוֹת	lrbis	lerabos	3
לשבת	לשבת	lʃubɛs	ləʃabəs	3
מַכַּת	מַכַּת	mxs	makəs	3
מבחר	מִבְחַר	mbxr	mivxər	3
מזלות	מַזָּלוֹת	mzlis	mazoləs	3
מחמדים	מַחֲמַדִּים	mxmdim	maxmadm	3
מחנות	מַחֲנוֹת	mxnis	maxənəs	3
מחנים	מַחֲנַיִם	mxnim	maxnajim	3
מחנך	מְחַנֵּךְ	mxnx	מחנך	3
מחרת	מָחֳרַת	mxrs	moxrəs	3
מלח	מֶלַח	mlx	mɛlax	3
מלחמות	מִלְחָמוֹת	mlxmis	מלחמות	3
מסכתות	מסכתות	msxsis	מאסאכטעס	3
מפחד	מִפַּחַד	mfxd	mipaxad	3
מצבות	מַצֵבֿוֹת	mʦbis	matsejvəs	3
מקבלת	מִקַּבָּלַת	mkbls	מקבלת	3
מרדות	מַרְדּוּת	mrdis	mardəs	3
משמשת	מְשַׁמֶּשֶׁת	mʃmʃs	משמשת	3
מתנגד	מתנגד	msnɡd	מתנגד	3
נהרות	נַהֲרוֹת	nhris	נהרות	3
נחשב	נחשבֿ	nxʃb	נחשב	3
נקמת	נִקְמַת	nkms	nikmas	3
נתקדש	נִתְקַדֵּשׁ	nskdʃ	niskadeʃ	3
פרח	פּרַח	frx	parax	3
שבכתב	שֶׁבִּכְתָב	ʃbxsb	ʃəbɪxsav	3
שהחזרת	שֶׁהֶחֱזַרְתָּ	ʃhxzrs	ʃəhaχəzartɔ	3
שמחים	שְׂמֵחִים	ʃmxim	ʃməxɪm	3
שמרתם	שְׁמַרְתֶּם	ʃmrsəm	ʃmartəm	3
שפחות	שְׁפָחוֹת	ʃfxis	ʃfoxəs	3
שתדלות	שתדלות	ʃsdlis	ʃtadləs	3
תּוֹלְדֹת	תּוֹלְדֹת	tilds	toyldəs	3
תחסר	תְּחַסַּר	sxsr	texasar	3
תחרש	תֶּחֱרַשׁ	sxrʃ	techeras	3
תל	תֵּל	sl	tɛl	3
תקח	תִּקַּח	skx	təkax	3
תרחם	תְּרַחֵם	srxəm	תרחם	3
תש	תש	sʃ	tʃ	3
"ביסט	"בִּיסְט	"bist	ביסט	3
"גיט	"גיט	"ɡit	גיט	3
"דאס	"דָאס	"dus	dos	3
"דינסטיק"	"דִינְסְטִיק"	"dinstik"	dɪnstɪk	3
"וסמך	"וְסָמַךְ	"ismx	vəsomax	3
"לאמר"	"לֵאמֹר"	"lamr"	lajmer	3
"נעם	"נעם	"nɛm	nem	3
בא"ם	בא"ם	ba"m	באם	3
גבֿורות	גְבֿוּרוֹת	ɡviris	gvūrəs	3
הקדושים"	הַקְּדוֹשִׁים"	hkdiʃim"	hakdojʃəm	3
זאגן"	זָאַגְן"	zuɡən"	זאגן	3
כבוד"	כָּבוֹד"	xbid"	kəvəd	3
לנסיכים"	לִנְסִיכִים"	lnsixim"	linssikhim	3
מיר"	מיר"	mir"	mɪr	3
נו"ן	נוּ"ן	ni"n	nun	3
נונ"ן	נונ"ן	nin"n	nunən	3
רש"י'ס	רַשִׁ"י'ס	rʃ"is	raʃɪs	3
רשב"א	רַשְׁבָּ"א	rʃb"a	ראשבא	3
שבֿות	שַׁבָּת	ʃvis	ʃabəs	3
שלום"	שָׁלוֹם"	ʃulɛm"	ʃoləm	3
תּפֿילות	תְּפִלּוֹת	tfilis	tfiləs	3
בטחון	בִּטָּחוֹן	btxin	bitoxn	3
החוטם	הַחוֹטָם	hxitəm	xojtəm	3
חבר'טע	חבֿרטע	xbrtə	xavərtə	3
קטנתי	קָטֹנְתִּי	ktnsi	kotonti	3
תשקוט	תִּשְׁקֹט	sʃkit	tishkot	3
"אויך	"אויך	"ɔɪx	אויך	3
"הלעיטני	"הַלְעִיטֵנִי	"hlaɪtni	halajtəni	3
"ואם	"ואם	"iam	veim	3
"וברפא	"וּבְרַפֵא	"ibrfa	uvərapo	3
"ויאמר	"וַיֹּאמֶר	"ɔɪamr	vajojmer	3
"ויהי	"וַיְהִי	"ɔɪhi	vajhi	3
"וכי	"וְכִי	"ixi	vəxi	3
"לא	"לֹא	"la	lo	3
"מי	"מִי	"mi	מי	3
"נא	"נאָ	"na	no	3
א"ר	א"ר	a"r	alefrejh	3
אדנ"י	אֲדֹנָ"י	adən"i	adajnaj	3
אים"	אים"	im"	אים	3
אל"	אֵל"	al"	אל	3
אפיקומן"	אַפִֿיקוֹמָן"	afikimən"	afikomən	3
אר"י	אֲרִ"י	ar"i	arɪ	3
בחרבי	בְּחַרְבִּי	bxrbi	bəxarbi	3
בית־המקדש	בֵּית־הַמִּקְדָּשׁ	bis hmkdʃ	bajsəmɪkdəʃ	3
בעצרת	בַּעֲצֶרֶת	bɛʦrs	batserəs	3
בריח'ס		brixs	briaχs	3
בתורת	בְּתוֹרַת	bsirs	בתורת	3
בתמוז	בְּתַמּוּז	bsmiz	bətamiəz	3
בתקול	בַּתקוֹל	bskil	baskol	3
דוחה	דּוֹחֶה	dixh	dojxe	3
דנחמתא	דְנֶחָמָתָא	dnxmsa	dənejxamta	3
האזרח	הָאֶזְרָח	hazrx	hɔɛzrɔχ	3
החסיד	הֶחָסִיד	hxsid	hexosid	3
היום"	הַיּוֹם"	hjim"	hayoym	3
הכפורת	הַכַּפּוֹרֶת	hxfirs	hakapoyres	3
הנותן	הַנּוֹתֵן	hnisən	האנױסן	3
הרעותה	הֲרֵעוֹתָה	hrɛiʃ	hərejojsə	3
השוחד	הַשֹּׁחַד	hʃixd	השוחד	3
השקעת	הִשְׁקַעְתָּ	hʃkɛs	hiʃkatə	3
ובהמתך	וּבְהֶמְתֶּךָ	ibhmsx	uvxemtexo	3
וחזרת	וַחֲזֶרֶת	ixzrs	vaχazɛrɛs	3
וחתימה	וַחֲתִימָה	ixsimh	vxasime	3
ולבכותה	וְלִבְכֹּתָהּ	ilbxiʃ	vəlivkɔsɔ	3
ותשובה	וּתְשׁוּבָה	isʃibh	utʃuvə	3
זיע"א	זצוקללז"ה	ziə"a	zia	3
חומה	חוֹמָה	ximh	xəjmɔ	3
חנניה	חֲנַנְיָה	xnnih	כאנאניע	3
חנשיה	חנשיה	xnʃih	חנשיה	3
חסדיך	חֲסָדֶיךָ	xsdix	xasdexə	3
חסרון	חֶסְרוֹן	xsrin	xəsərn	3
חרוסת	חרוסת	xriss	חרוסת	3
חרפתו	חֶרְפָּתוֹ	xrfsi	khɛrpɔsɔ	3
יסלתם	יִסְלָתִם	islsəm	jislosim	3
יעקב"	יַעֲקֹב"	jɛkb"	jakəv	3
ירפא"	יְרַפֵא"	irfa"	jərape	3
כרחוק	כִּרְחֹק	xrxik	kəroxak	3
ל"ו	ל"ו	l"i	לו	3
להשכיחם	לְהַשְׁכִּיחָם	lhʃxixəm	ləhaʃkiχam	3
לומע"ד	לָאמֶע"ד	limə"d	lamət	3
לחודש	לַחֹדֶשׁ	lxidʃ	laxɔjdəʃ	3
לחשבון	לְחֶשְׁבּוֹן	lxʃbin	lxɛʃbn	3
למחיה	לְמִחְיָה	lmxih	למחיה	3
למלאכת	לִמְלֶאכֶת	lmlaxs	ləmləxəs	3
לקחתי	לָקַחְתִּי	lkxsi	lokaxti	3
לרחוק	לָרָחוֹק	lrxik	larokhoik	3
לשמחו	לְשַׂמְּחוֹ	lʃmxi	ləsamxo	3
מגילת	מגילת	mɡils	mgiləs	3
מדינת	מְדִינַת	mdins	מדינת	3
מזבחי	מִזְבְּחִי	mzbxi	mizbɘxi	3
מזרחי	מִזְרָחִי	mzrxi	מזרחי	3
מחומש	מַחוּמָשׁ	mximʃ	məxuməʃ	3
מחושך	מֵחֹשֶׁךְ	mxiʃx	majxojʃəx	3
מחמיר	מַחְמִיר	mxmir	מחמיר	3
מטבעות	מַטְבְּעוֹת	mtbɛis	matbejəs	3
מלכותך	מַלְכוּתְךָ	mlxisx	mɑlxəsχɔ	3
ממתיק	מַמְתִּיק	mmsik	ממתיק	3
מסורת	מסורת	msirs	msojrəs	3
מסילת	מְסִלַּת	msils	msiləs	3
מרחשון	מַרְחֶשְׁוָן	mrxʃin	marxɛʃvn	3
משיחס	מְשִׁיחַ'ס	mʃixs	משיחס	3
נוחה	נוֹחָה	nixh	nojxə	3
נשמחנו	נִשְׂמַחְנוּ	nʃmxni	nismaχnə	3
נשמתו	נִשְׁמָתוֹ	nʃmsi	נשמתו	3
סופֿיתּיבֿות	סוֹפֵיתֵּיבֿוֹת	sifitivis	סופיתיבות	3
עוד"	עוֹד"	ɛid"	עוד	3
פּאות	פּאות	pais	פאות	3
פקדתי	פָּקַדְתִּי	fkdsi	pokadtj	3
ראתה	רָאֲתָה	raʃ	roəsə	3
ריטב"א	ריטבַּ"א	ritb"a	ריטבא	3
שבתדיק	שבתדיק	ʃubɛsdik	ʃabəsdik	3
שבתפעקלעך	שַׁבָּתפֶעקְלֶעך	ʃubɛsfɛklɛx	ʃabəspekləx	3
שוין"	שוֹיְן"	ʃɔɪn"	ʃojn	3
שולחן	שׁוּלְחָן	ʃilxaɪn	שולחן	3
שיחה	שִׂיחָה	ʃixh	שיחה	3
שיןדלת	שִׁיןדָּלֶת	ʃindls	שיןדלת	3
שלוחן	שְׁלוֹחַן	ʃlixaɪn	ʃloxan	3
שנותן	שֶׁנּוֹתֵן	ʃnisən	שנותן	3
תברכו	תְבָרֲכוּ	sbrxi	təvɔrxijs	3
תחתית	תַּחְתִּית	sxsis	תחתית	3
תלמיד־חכם	תַּלְמִיד־חָכָם	talmid xuxɛm	talmədxoxəm	3
תנחום	תּנחום	snxim	tanchum	3
תעלה	תַעֲלֶה	sɛlh	talə	3
תפארתך	תִּפְאַרְתֶּךָ	sfarsx	tifartexɔ	3
תרגעז		srɡɛz	tirgəzi	3
תרדוף	תִּרְדֹּף	srdif	tɪrdəf	3
תתנשא	תִּתְנַשְּׂאוּ	ssnʃa	tisnase	3
תתעלם	תִּתְעַלַּם	ssɛləm	tisaləm	3
במעלות	בְמַעֲלֹת	bmɛlis	bɘmɔjlɘs	3
בסיכות	בַּסֻּכּוֹת	bsixis	basukəs	3
גנות	גְּנוּת	ɡnis	גנות	3
דביקות	דבֿיקות	dbikis	דביקות	3
הבריות	הַבְּרִיּוֹת	hbrjis	habrijəs	3
הדיברות	הַדִּבְּרוֹת	hdibris	adəbrəs	3
ונחמדים	וְנֶחְמָדִים	inxmdim	vənɛxmadim	3
ופשתים	וּפִשְׁתִּים	ifʃsim	ufisjtim	3
זריזות	זְרִיזוּת	zrizis	zrizəs	3
חביבות	חֲבִיבוּת	xbibis	xavivəs	3
חביבים	חֲבִיבִים	xbibim	xəvivim	3
חובֿ	חוֹב	xiv	xəv	3
חומשים	חומשים	ximʃim	xuməʃim	3
חמישים	חֲמִשִּׁים	xmiʃim	xamiʃim	3
חשובֿ	חָשׁוּבֿ	xʃiv	xɔʃəv	3
מדריגות	מַדְרֵגוֹת	mdriɡis	madrejgəs	3
מוסדות	מוֹסְדוֹת	misdis	mojsdəs	3
מזוזות	מְזוּזוֹת	mzizis	mzuzəs	3
מזונות	מְזוֹנוֹת	mzinis	məzoɪnəs	3
מחזורים	מחזורים	mxzirim	maxzorim	3
מחלוקות	מַחֲלוֹקֶת	mxlikis	maxlojkes	3
מלחינים	מלחינים	mlxinim	מלחינים	3
עקשנות	עַקְשָׁנוּת	ɛkʃnis	ekshenes	3
פּיקח	פִּקֵּחַ	pikx	pikjex	3
קלות	קַלּוֹת	klis	kaləs	3
רות	רוּת	ris	rus	3
רצונות	רְצוֹנוֹת	rʦinis	rətsonəs	3
שותּף	שוּתָּף	ʃitf	שותף	3
שותפות		ʃisfis	ʃitfəs	3
שותפים	שותּפֿים	ʃisfim	ʃitəfəm	3
שחורים	שְׁחוֹרִים	ʃxirim	ʃxejrɪm	3
תּמוז	תַּמּוּז	tmiz	taməz	3
תשים	תָּשִׂים	sʃim	tosəm	3
גימטריאות	גִימַטְרִיאוֹת	ɡimtriais	gimatriəs	3
שיטות	שיטות	ʃitis	ʃitəs	3
בנה	בְּנֵה	bnh	bnaj	3
ברמה	בְּרָמָה	brmh	brome	3
בשדה	בשדה	bʃdh	בשדה	3
גזרה	גזירה	ɡzrh	גזיירע	3
גרה	גרה	ɡrh	gejrə	3
הבה	הָבָה	hbh	hava	3
הבהמה	הַבְּהֵמָה	hbhmh	הבהמה	3
הגה	הֶגֶה	hɡh	hejgɛ	3
הדלקה	הדלקה	hdlx	הדלקה	3
המכפלה	הַמַּכְפֵּלָה	hmxflh	hamaxpelə	3
הנשמה	הַנְּשָׁמָה	hnʃmh	הנשמה	3
הפלגה	הַפַּלָגָה	hflɡh	hapalagə	3
הרבה	הרבה	hrbh	harbə	3
ואקחה		iakxh	vəekxo	3
ויתעלה	וְיִתְעַלֶּה	ɔɪsɛlh	vəjisalə	3
חוימה	חוֹימָה	xɔɪmh	xoimə	3
טהרה	טָהֳרָה	thrh	טעהארע	3
יתירה	יְתֵרָה	isirh	jsajrɔ	3
כַּמָּה	כַּמָּה	xmh	kamə	3
כהלכה	כַּהֲלָכָה	xhlxh	kahaloxə	3
כפה	כָּפָה	xfh	kofe	3
לזה	לָזֶה	lʒ	ləzɛ	3
לכלמה	לִכְלִמָּה	lxlmh	lixlimo	3
מדמה	מְדַמֶּה	mdmh	mdamə	3
מהנה	מְהַנֶה	mhnh	מהנה	3
נדבה	נְדָבָה	ndbh	נדבה	3
נדדה	נָדְדָה	nddh	noddo	3
נזכה	נִזְכֶּה	nzxh	nizke	3
סברה	סבֿרא	sbrh	svore	3
פַּרָה	פָּרָה	frh	parɔ	3
פָּרָה	פָּרָה	frh	poro	3
קטנה	קְטַנָּה	ktnh	kətana	3
קשה	קָשֶׁה	kʃh	קשה	3
רכה	רַכָּה	rxh	rako	3
שלשה	שְׁלֹשָׁה	ʃlʃh	ʃlojʃo	3
שמה	שְׁמֵהּ	ʃmh	ʃmeh	3
אחריות	אַחריות	axrjis	אחריות	3
אמרתּי	אָמַרְתִּי	amrti	ɔmarti	3
אתים	אתים	asim	esim	3
אתרוגים	אתרוגים	asriɡim	əsrigim	3
באריכות	בַּאֲרִיכוּת	barixis	באריכות	3
בצבועות	בִּצְבוֹעוֹת	bʦbiɛis	bitsvojəs	3
בשועות	בִּישׁוּעָתֶךָ	bʃiɛis	בשועתך	3
גלויות	גָּלֻיּוֹת	ɡlɔɪis	גאליעס	3
דאגות	דְּאָגוֹת	daɡis	dajgəs	3
דבֿר	דָּבָר	dvr	dvar	3
דזוטרתא	דְּזוּטַרְתָּא	ʣitrsa	dzutarto	3
דמעות	דְּמָעוֹת	dmɛis	dimejes	3
האצילות	הָאֲצִילוּת	haʦilis	hatsiləs	3
החיצונים	הַחִיצוֹנִים	hxiʦinim	haxitsɔjnəm	3
המאורות	הַמְּאֹרוֹת	hmairis	haməojrojs	3
השואבות	השואבות	hʃiabis	haʃojəvəs	3
ואמהות	וְאִמָּהוֹת	iamhis	vəimohəs	3
זוטרתא	זִוטַרְתָּא	zitrsa	zɯtartɔ	3
זיתים	זֵיתִים	zisim	zasəm	3
זכויות	זְכֻיוֹת	zxɔɪis	xijes	3
חירות		xiris	xejrəs	3
חשובֿע	חֲשׁוּבֶע	xʃivə	חשובע	3
טורח	טוֹרֵחַ	tirx	tojrex	3
טיקןחלום	תִּקּוּןחֲלוֹם	tiknxlim	tikunxoləm	3
יבמות	יְבָמוֹת	ibmis	jəvoməs	3
יחידים	יְחִידִים	ixidim	jəxidim	3
יתומים	יְתוֹמִים	isimim	jsɔmɪm	3
כּפֿל	כּפֿל	kfl	kəfəl	3
כפֿל	כּפֿל	xfl	kafəl	3
לֶעֱלוֹת	לֶעֱלוֹת	lɛlis	לעלות	3
מסעות	מַסָּעוֹת	msɛis	masɔjəs	3
מעות	מָעוֹת	mɛis	moəs	3
נוראות	נוראות	nirais	נוראות	3
נחום'טשע	נַחום'טשע	nximʧə	נוחומטשע	3
עונות	עֲוֹנוֹת	ɛinis	עונות	3
עופות	עוֹפוֹת	ɛifis	ojfəs	3
עצות	עֵצוֹת	ɛʦis	ejtsəs	3
ערבות	עַרְבוּת	ɛrbis	arovəs	3
עריות	עֲרָיוֹת	ɛrjis	arayos	3
פּסק	פְּסָק	psk	psak	3
פלאות	פְּלָאוֹת	flais	פלאות	3
רבואות		rbiais	rivovs	3
רפואות	רפואות	rfiais	rəfiəs	3
רשעות	רשעות	rʃɛis	riʃəs	3
שׂטן	שָׂטָן	stən	sotn	3
שׂכר	שָׂכָר	sxr	sxor	3
שאימפתחטו	שֶׁאִמְפַּתְחְטוּ	ʃaːmfsxti	ʃeimpaxti	3
שירות	שירות	ʃiris	שירות	3
שלוש־סעודות	שלוש־סעודות	ʃliʃ sɛidis	שלושסעודות	3
"דאָס	"דאָס	"dus	dos	3
"למען	"לְמַעַן	"lmɛn	lemaan	3
"מען	"מען	"mɛn	mən	3
אבחר	אֶבְחַר	abxr	evxar	3
אחריתם	אַחֲרִיתָם	axrisəm	axarıjsom	3
אלף־בית	אַלף־בית	alf bis	אלעףבעס	3
אסנת	אָסנת	asns	osnas	3
אתכם	אֶתְכֶם	asxəm	אתכם	3
באחד	בְּאֶחָד	baxd	bəɛxəd	3
באחרית	בְּאַחֲרִית	baxris	באחרית	3
בוחן	בּוֹחֵן	bixaɪn	boxen	3
בזאת	בְּזֹאת	bzas	bəzojs	3
בחיר	בְּחִיר	bxir	bxijr	3
ביתס	בֵּיתס	biss	bajsəs	3
בריח	בְּרֵיחַ	brix	בריח	3
בתוך	בְּתוֹךְ	bsix	bətojx	3
בתרי	בִּתְרֵי	bsri	bɘtrej	3
גלית	גָּלְיָת	ɡlis	goljas	3
הידעתם	הַיְדַעְתֶּם	hidɛsəm	haɪdatɛm	3
ובקשתי	וּבְקַשְׁתִּי	ibkʃsi	uvəkaʃti	3
וברחמיך	וּבְרַחֲמֶיךָ	ibrxmix	uvraχameχa	3
ויתגדל	וְיִתְגַּדַּל	ɔɪsɡdl	vəjitgadal	3
ונלח	וְנִסְלַח	inlx	vənislax	3
וקדשתו	וְקִדַּשְׁתּוֹ	ikdʃsi	vəkidaʃto	3
ורחם	וְרַחֵם	irxəm	vrɒxəm	3
ותגל	וְתָגֵל	isɡl	vətagejl	3
ותלך	וַתֵּלֶךְ	islx	vataylex	3
חוקר	חוֹקֵר	xikr	xojkər	3
חור	חור	xir	xɪr	3
חושש	חוֹשֵׁשׁ	xiʃʃ	חושש	3
חזקי	חִזְקִי	xzki	xiski	3
חזקיהו	חִזְקִיָּהוּ	xzkihi	xəzkijoi	3
חינם	חִנָּם	xinm	khinom	3
חית	חֵית	xis	xes	3
חלקו	חֶלְקוֹ	xlki	חלקו	3
חסדו	חַסְדּוֹ	xsdi	xasdoj	3
חריף	חָרִיף	xrif	xarəf	3
חרפו	חֵרְפוּ	xrfi	kharfu	3
חשון	חֶשְׁוָן	xʃin	xeʃvn	3
יחסר	יֶחְסַר	ixsr	יחסר	3
ילחם	יִלָּחֵם	ilxəm	ילחם	3
יפת	יֶפֶת	ifs	jefəs	3
יפתח	יִפְתָּח	ifsx	יפתח	3
יתרככו	יִתְרַכְּכוּ	isrxxi	yisraxkxi	3
כעת	כָּעֵת	xɛs	kaes	3
כקריעת	כִּקְרִיעַת	xkriɛs	כקריעת	3
לבית	לְבֵית	lbis	ləvajs	3
לדורותם	לְדוֹרֹתָם	ldirisəm	ledorojsem	3
לחי	לְחַי	lxi	lexaɪ	3
לחמי	לַחְמִי	lxmi	laxmɪ	3
לעת	לְעֵת	lɛs	lejəs	3
מאת	מֵאֵת	mas	mejes	3
מחום	מחום	mxim	מחום	3
מחיח		mxix	מחיה	3
מחי׳	מחיה	mxiʔ	מחיה	3
מחלו	מַחֲלוּ	mxli	maxalɘ	3
מחני	מְחֵנִי	mxni	maxejnei	3
מחסורו	מַחְסוֹרוֹ	mxsiri	מחסורו	3
מיתת	מִיתַת	miss	misas	3
מכוח	מִכּוֹחַ	mxix	מכוח	3
מלכותא	מַלְכוּתָא	mlxisa	malxusa	3
מרופתא		mrifsa	lkiχo	3
משיחזאג	מְשִׁיחַ'זַאג	mʃixzaɡ	məʃiəχzag	3
מתוקין	מְתוּקִין	msikin	mesukin	3
נחור	נָחוֹר	nxir	nɔχɔʁ	3
נחמי	נַחֲמִי	nxmi	naxmi	3
נפשותיכם	נַפְשׁוֹתֵיכֶם	nfʃisixəm	nafʃojsehəm	3
נתתי	נָתַתִּי	nssi	nosati	3
עזרת	עֶזְרַת	ɛzrs	ezras	3
עמת	אֱמֶת	ɛms	אמת	3
עקרת	עִקְרַת	ɛkrs	ikres	3
פותח	פּוֹתֵחַ	fisx	פותח	3
פותר	פּותר	fisr	poyser	3
פליח	פְלִיחַ	flix	fliəx	3
פסיקתא	פּסיקתא	fsiksa	psiktə	3
פתוח	פָּתוֹחַ	fsix	posojax	3
קראת	קָרָאתָ	kras	koroso	3
רֵיַח	רֵיַח	rix	rejax	3
שבת׳דיגע	שבתּדיגע	ʃubɛsdiɡə	שבתדיגע	3
שותף	שותּף	ʃisf	שוטעף	3
שיח	שִׂיחַ	ʃix	שיח	3
שירת	שִׁירַת	ʃirs	ʃiras	3
תגנובו		sɡnibi	tignovu	3
תוכן	תוֹכֶן	sixən	toxən	3
תולדותיהם	תּוֹלְדוֹתֵיהֶם	sildisihm	tojlʲdjsejhem	3
תחרישון	תַּחֲרִישׁוּן	sxriʃin	תחרישון	3
תלכו	תֵּלֵכוּ	slxi	teləxu	3
תלמודור	תַּלְמוּדוֹר	slmidir	talmudor	3
תנחומא	תַּנְחוּמָא	snxima	tancume	3
תפוח	תַּפּוּחַ	sfix	תפוח	3
תקיף	תַּקִּיף	skif	takəf	3
תקרי	תִּקְרֵי	skri	tikre	3
תרי	תְּרֵי	sri	תרי	3
תשליכנו	תַּשְׁלִיכֵנוּ	sʃlixni	taʃliχejni	3
"אבער	"אַבער	"ubɛr	aber	3
"ווער	"ווער	"vɛr	ver	3
אַרייַן"	אַרייַן"	araɪn"	aran	3
אליין"	אַליין"	alaɪn"	alajn	3
אשמרה	אֶשְׁמְרָה	aʃmrh	eʃməro	3
בכורה	בכורה	bxirh	bxojrə	3
במעשה	בְּמַעֲשֵׂה	bmɛʃh	bəmasə	3
בסוכה		bsixh	באסוקע	3
בציפה		bʦifh	bətsifɔ	3
ברוכה	בְּרָכָה	brixh	broxe	3
ברינה	בְּרִנָּה	brinh	birino	3
בשלושה	בִּשְׁלֹשָׁה	bʃliʃh	בשלושה	3
גבורה	גְּבוּרָה	ɡbirh	gvujro	3
הגדולה	הַגְּדוֹלָה	hɡdilh	hagdojlə	3
הנגינה	הַנְּגִינָה	hnɡinh	hanəginə	3
הסיבה	הַסֵבָּה	hsibh	haseba	3
השירה	הַשִּׁירָה	hʃirh	haʃirɔ	3
השקיפה	הַשְׁקִיפָה	hʃkifh	השקיפה	3
וכמנשה	וְכִמְנַשֶּׁה	ixmnʃh	veximnaʃe	3
חוטא	חוֹטֵא	xita	χojte	3
חטאתי	חָטָאתִי	xtasi	xatosi	3
חתמנ'ען	חתמנ'ען	xsmnɛn	xatmenen	3
טומאת	טוּמְאַת	timas	טומאת	3
טריפה	טְרֵפָה	trifh	טריפה	3
כפירה	כְּפִירָה	xfirh	כפירע	3
לבונה	לְבוֹנָה	lbinh	lvɔjnə	3
ליבשה		libʃh	lajəbaʃə	3
מגודה	מְגֻדָּה	mɡidh	məgudə	3
מלוכה	מְלוּכָה	mlixh	mləxə	3
ממונה	מְמוּנֶה	mminh	ממונה	3
מתוודה	מתווַדֶה	msvdh	mitvade	3
נגילה	נָגִילָה	nɡilh	nagila	3
נקודה	נְקוּדָה	nkidh	nəkidə	3
קמיצה	קְמִיצָה	kmiʧ	קמיצה	3
ראַשב"א	רַאשְׁבָּ"א	raʃb"a	raʃbɔ	3
בגדים	בְּגָדִים	bɡdim	bgodim	3
בשמים	בְּשָׂמִים	bʃmim	bsojməm	3
בשנים	בִּשְׁנַיִם	bʃnim	biʃnajəm	3
גזלנים	גַזְלָנִים	ɡzlnim	gazlonim	3
גשמים	גְשָׁמִים	ɡʃmim	gʃomim	3
הכהנים	הַכֹּהֲנִים	hxhnim	הכוהנים	3
המכסכים	הַמַּכְסִיכִים	hmxsxim	hamaxsixim	3
המצרים	הַמְּצָרִים	hmʦrim	hamətsɔrɪm	3
הפנים	הַפָּנִים	hfnim	האפנים	3
הרקדנים	הַרַקְדָנִים	hrkdnim	הרקדנים	3
זכרים	זְכָרִים	zxrim	zxurəm	3
זמנים	זְמַנִּים	zmnim	zmanim	3
יפֿה	יָפָה	ifh	jofi	3
כבשים	כְּבָשִׂים	xbʃim	כבשים	3
לרבים	לָרַבִּים	lrbim	lərabəm	3
מ'פֿירט	מ'פֿירט	mɛ firt	mfert	3
מ'רופֿט	מ'רוּפְֿט	mɛ rift	mruft	3
מדרשים	מִדְרָשִׁים	mdrʃim	מדרשים	3
מלכים	מְלָכִים	mlxim	מלאכים	3
סדרים	סְדָרִים	sdrim	sdorim	3
עשׂה	עָשָׂה	ɛʃ	ɔsɔ	3
פֿערטן	פֿערטן	fɛrtən	fertn	3
פֿרעגסט	פְֿרֶעגְסְט	frɛɡst	fregst	3
פרטים	פְּרָטִים	frtim	פרטים	3
קְטַנִּים	קְטַנִּים	ktnim	ktanim	3
קדשים	קָדָשִׁים	kdʃim	kadɔʃɪm	3
רגלים	רְגָלִים	rɡlim	rəgolim	3
שׂוֹרָה	שׂוֹרָה	sirh	שורה	3
שברים	שבֿרים	ʃbrim	ʃvɔrɪm	3
שמשים	שַׁמָּשִׁים	ʃmʃim	ʃamoʃim	3
שפּיגל	שפּיגל	ʃpiɡl	ʃpɪgl	3
שפּירן	שְׁפִירְן	ʃpirən	ʃpɪrn	3
שרפים	שְׂרָפִים	ʃrfim	srofim	3
אבדתי	אָבַדְתִּי	abdsi	ɔvadti	3
אבותיהם	אֲבוֹתֵיהֶם	abisihm	אבותיהם	3
אבותיו	אֲבוֹתָיו	abisji	אבותיו	3
אבותינו	אֲבוֹתֵינוּ	abisini	avojsejni	3
אבותם	אֲבוֹתָם	abisəm	avɔjsɔm	3
אורח־מאן	אורח־מאַן	irx man	ojrexman	3
אותם	אוֹתָם	isəm	osam	3
אחותינו	אֲחוֹתֵנוּ	axisini	אחותינו	3
אחיה	אֲחִיָּה	axih	aχjə	3
אחרון	אַחֲרוֹן	axrin	axrn	3
אחריו	אַחֲרָיו	axrji	aχarof	3
אחריך	אַחֲרֶיךָ	axrix	axarexa	3
אחרית	אַחֲרִית	axris	אחרית	3
איתגליא	אִתְגַּלְיָא	isɡlia	itgaljɔ	3
אמונת	אֱמוּנַת	amins	emynəs	3
אמתדיקע	אמתדיקע	ɛmɛsdikə	emesdike	3
בל	בַּל	bl	bal	3
במזל	בְּמַזָּל	bmzl	bəmazl	3
בסיעתא	בְּסִיַּעְתָּא	bsiɛsa	bəsijatə	3
בקר	בָּקָר	bkr	בקר	3
בריוח	בְּרֶוַח	brjix	bərevəx	3
ברכ'ל	בערעלע	braːx l	berələ	3
ברן	בַּרְןַ	brən	barn	3
גט	גֶעט	ɡt	get	3
גטן	גֶעטְנ	ɡtən	געטנ	3
גיחזי		ɡixzi	gejxazi	3
גמר	גְּמַר	ɡmr	gmar	3
גשמיותדיגע	גשמיותדיגע	ɡʃmjisdiɡə	gaʃmiəsdigə	3
דברך	דְּבָרְךָ	dbrx	dvorxo	3
דגל	דֶגֶל	dɡl	degəl	3
דספר		dsfr	dsaɟfər	3
דר	דָּר	dr	dər	3
דרבנן	דְּרַבָּנָן	drbnn	dərabɔnən	3
הבן	הַבֵּן	hbən	habejn	3
הגר	הָגָר	hɡr	הגר	3
הדשן	הַדֶּשֶׁן	hdʃən	hadejʃn	3
הזהב	הַזָּהָב	hʒb	hazohov	3
היחיד	הַיָּחִיד	hixid	hajaχid	3
הל	הַלֵל	hl	haləl	3
הלט	האַלט	hlt	halt	3
הלטן	הַלְטְן	hltən	haltn	3
המשך	הֶמְשֵׁךְ	hmʃx	המשך	3
הסט	הָאָסְט	hst	host	3
הספד	הֶסְפֵּד	hsfd	hespəd	3
הפסק	הפסק	hpask	הפסק	3
הפקר	הֶפְקֵר	hfkr	הפקר	3
הרגש	הַרְגָּשָׁה	harɡʃ	hargəʃə	3
הרן	הָרָן	hrən	horən	3
הרץ	הַרץ	hrʦ	harts	3
השטן	הַשָּׂטָן	hʃtən	asotn	3
השמש	הַשֶּׁמֶשׁ	hʃmʃ	haʃeməʃ	3
השס	הש"ס	hʃs	aʃas	3
התאוה	הַתַּאֲוָה	hsaih	התאוה	3
ואותו	וְאוֹתוֹ	iaisi	vəojsoj	3
ואחר	וְאַחַר	iaxr	veaxar	3
ואשתוי	וְאִשְׁתּוֹ	iaʃsɔɪ	vɘiʃtoj	3
ואתם	וְאַתֶּם	iasəm	vəatəm	3
וביתו	וּבֵיתוֹ	ibisi	yvejsə	3
וחנון	וְחַנּוּן	ixnin	vəxanən	3
וחסרוני	וְחֶסְרוֹנִי	ixsrini	vexesrojni	3
וחסרונמי	וְחֶסְרוֹנְמִי	ixsrinmi	vəxesronmi	3
ויחכם	וְיֶחְכַּם	ɔɪxxəm	ויחכם	3
ויחני	וַיַּחֲנִי	ɔɪxni	ויחני	3
ויכתוב	וַיִּכְתֹּב	ɔɪxsib	vajixtejv	3
ויפקח	וַיִּפְקַח	ɔɪfkx	vajifkax	3
ויקחי	וְיִקְחִי	ɔɪkxi	ויקחי	3
וכחסדיו	וּכְחֲסָדָיו	ixxsdji	uxasadav	3
ומחית	וּמָחִיתָ	imxis	umaxiso	3
ונחעם	וְנָעִים	inxɛm	venejem	3
ועקידת	וַעֲקֵידַת	iɛkids	vakajdəs	3
וערבית	וְעַרְבִית	iɛrbis	vaarvəs	3
ורחמיו	וְרַחֲמָיו	irxmji	ורחמיו	3
ותהוי	וְתֶהֱוֵי	iʃɔɪ	vɛtɛhɛve	3
ותהי	וַתְּהִי	iʃi	vatəhi	3
ותמלא	וַתְּמַלֵּא	ismla	vatəmalay	3
ותראה	וְתֵרָאֶה	israh	ותראה	3
זך	זַךְ	zx	zaχ	3
זכותא	זְכוּתָא	zxisa	sxɔsə	3
זכיתי	זָכִיתִי	zxisi	zaxisi	3
זמר	זֶמֶר	zmr	zemer	3
זקן'	זָקֵן'	zknʔ	zɔkən	3
זרה'ס	זָרָה'ס	zrhs	zɔres	3
חַיִי	חַיִי	xij	xaji	3
חַיֶּיךָ	חַיֶּיךָ	xijx	xajejxo	3
חדריו	חֲדָרָיו	xdrji	xadarov	3
חולין	חוּלִין	xilin	xɪlɪn	3
חמציע		xmʦiə	khemtsye	3
חסידיו	חֲסִידָיו	xsidji	krasidəv	3
חסידע	חֲסִידֶה	xsidə	חסידע	3
חשובֿער	חשובֿער	xʃivɛr	חשובער	3
טט	טַט	tt	tat	3
יְחִידִי	יְחִידִי	ixidi	jəxidə	3
יִחוס	יִחוּס	ixis	yikhes	3
ידעתי	יָדַעְתִּי	idɛsi	ידעתי	3
ידעתם	יְדַעְתֶּם	idɛsəm	jadatm	3
יוכחי	יוֹכְחִי	jixxi	juxxi	3
יחידך	יְחִידְךָ	ixidx	jəxidxo	3
יחישם	יַחִישֵׁם	ixiʃəm	jaxɪʃem	3
יצרתי	יָצַרְתִּי	iʦrsi	jotsartɪ	3
ישועת	יְשׁוּעַת	iʃiɛs	jəʃiəs	3
ישועתך	יְשׁוּעָתְךָ	iʃiɛsx	jəʃiəsəxə	3
ישועתנו	יְשׁוּעָתֵנוּ	iʃiɛsni	jəʃuɔsejni	3
ישמחו	יִשְׂמְחוּ	iʃmxi	jisməxu	3
יתמי	יְתָמַי	ismi	jsomi	3
כֵּן	כֵּן	xən	ken	3
כבד	כַּבֵּד	xbd	כבד	3
כגלגל	כַּגַּלְגַּל	xɡlɡl	kəgalgal	3
כוחו	כֹּחוֹ	xixi	kojxaj	3
כנם	כְּנָם	xnm	knam	3
כץ	כַּץ	xʦ	kats	3
כרם	כֶּרֶם	xrəm	kerəm	3
כרן	כָּרָן	xrən	korn	3
כשף	כְּשָׁפִים	xʃf	כשף	3
כשפ	כּשף־מאַכער	xʃf	kiʃəfmaxer	3
לבב	לֵבָב	lbb	levov	3
לבבך	לְבָבְךָ	lbbx	לווווחא	3
לבלב	לְאַבְלֶב	lblb	לאבלב	3
לזכר	לְזֵכֶר	lzxr	lezajxər	3
לזמר	לְזַמֵּר	lzmr	ləzamər	3
לכן	לָכֵן	lxən	lojxən	3
לסדר	לְסַדֵּר	lsdr	ləsadeɾ	3
לעתיד	לֶעָתִיד	lɛsid	leosid	3
לקט	לֶקֶט	lkt	lekət	3
ם'ן	ם'ן	mən	memən	3
מ'מכבד	מַ'מְכַבֵּד	mɛ mxbd	mxabəd	3
מְקַבֵּל	מְקַבֵּל	mkbl	məkabl	3
מבקר	מבקר	mbkr	מבקר	3
מדרבנן	מדרבנן	mdrbnn	mɪdərabanan	3
מופתי	רְבוֹת	mifsi	mojfsaj	3
מחיה'דיגע	מְחַיֶה'דִיגֶע	mxihdiɡə	məxayedigə	3
מכלל	מִכְּלַל	mxll	miklal	3
מלך'ס	מלךס	mlxs	melexs	3
מספרך	מִסִּפְרְךָ	msfrx	misifrexo	3
מסרן	מסרן	msrən	מסרן	3
מצרג	מְצַער	mʦrɡ	mətsoer	3
משאלותינו	מִשְׁאֲלוֹתֵינוּ	mʃalisini	miʃalojsajnii	3
משה'	מֹשֶׁה'	mɔɪʃɛʔ	mojʃə	3
משנכנס	מִשֶּׁנִּכְנַס	mʃnxns	משנכנס	3
מ׳	מ׳	mɛ	mem	3
נזר	נֵזֶר	nzr	najzer	3
נמט	נֶעמְט	nmt	nemt	3
נמשך	נמשך	nmʃx	nimʃəx	3
נפל	נָפָל	nfl	nofl	3
סגן	סְגַן	sɡən	סגן	3
סיחון	סִיחוֹן	sixin	sɪxən	3
עקידת	עֲקֵידַת	ɛkids	akejdas	3
ערלתו	עָרְלָתוֹ	ɛrlsi	ערלתו	3
עתי	עִתִּי	ɛsi	iti	3
פיקוח	פיקוח	fikix	פיקוח	3
פן	פֶּן	fən	pen	3
פנקס	פּנקס	fnks	pinkəs	3
פקד	פָּקֹד	fkd	pokəjd	3
פר	פַּר	fr	por	3
פרץ	פֶּרֶץ	frʦ	פרץ	3
צדקך	צִדְקֶךָ	ʦdkx	tsətkexə	3
ראתהי	רָאֲתָהִי	raʃi	roəsi	3
רכן	רעכן	rxən	rexn	3
רן	רָן	rən	ron	3
שֶׁבְּנֶפֶשׁ	שֶׁבַּנֶּפֶשׁ	ʃbnfʃ	ʃebənɛfɛʃ	3
שד	שַׁד	ʃd	ʃad	3
שויתי	שִׁוִּיתִי	ʃɔɪsi	ʃivisi	3
שכן	שָׁכֵן	ʃxən	ʃoxən	3
שלהם	שֶׁלָּהֶם	ʃlhm	שלהם	3
שלך	שֶׁלָּךְ	ʃlx	ʃələx	3
שלמה'ס	שלמה'ס	ʃlmhs	ʃlojmes	3
שלש	שָׁלֹשׁ	ʃlʃ	שלש	3
שקויח	שְׁכֹּיַח	ʃkɔɪx	ʃkojəx	3
תִּשְׁמְעוּ	תִּשְׁמְעוּ	sʃmɛi	tiʃmʲu	3
תאכעס	תַּחַת	saxɛs	tachas	3
תבואה	תּבֿואה	sbiah	תבואה	3
תוֹכוֹ	תּוֹכוֹ	sixi	tojχaj	3
תועז	תְּעוֹז	siɛz	təoz	3
תורתו	תּוֹרָתוֹ	sirsi	tojroso	3
תליא	תַּלְיָא	slia	taljə	3
תלישא	תְּלִישָׁא	sliʃa	tliʃə	3
תמימי	תְּמִימֵי	smimi	tmimej	3
תעביד	תַעֲבֵיד	sɛbid	taved	3
תענוג	תַּעֲנוּג	sɛniɡ	tanəg	3
תעשו	תַּעֲשׂוּ	sɛʃi	תעשו	3
תרימו	תְּרִימוּ	srimi	trajmə	3
תשועה	תְּשׁוּעָה	sʃiɛh	tʃiə	3
תשמעו	תִּשְׁמְעוּ	sʃmɛi	tiʃmoj	3
תתורו	תָתוּרוּ	ssiri	təsɪri	3
