count	phrase	key	words	source	in_engine	current_ipa
847	זכרונו לברכה	זכרונו לברכה	2	known	no	zxrˈini livrˈuxə
569	יום טוב	יומ טוב	2	known	no	jɔjm tɔjv
558	ארץ ישראל	ארצ ישראל	2	known	no	ˈɛrəʦ jisrˈuəl
406	ראש השנה	ראש השנה	2	known	no	rɔjʃ haʃˈunu
402	כלל ישראל	כלל ישראל	2	known	no	klal jisrˈuəl
351	שבת קודש	שבת קודש	2	known	no	ʃˈabəs kidʃ
327	יום כיפור	יומ כיפור	2	known	no	jɔjm xifˈir
297	ראש חודש	ראש חודש	2	known	no	rɔjʃ xˈɔjdəʃ
245	רבונו של עולם	רבונו של עולמ	3	known	no	rbˈini ʃɛl ˈɔjləm
218	ברוך השם	ברוכ השמ	2	known	no	bˈurəx haʃˈɛm
163	בית מדרש	בית מדרש	2	known	yes	bis-mˈɛdrəʃ
162	בית המדרש	בית המדרש	2	known	yes	bˈismədrəʃ
156	תשעה באב	תשעה באב	2	known	no	tˈiʃə bab
131	בעל הבית	בעל הבית	2	known	no	baːl habˈajis
126	בית דין	בית דינ	2	known	yes	bajs din
107	זכר צדיק לברכה	זכר צדיק לברכה	3	known	no	zˈajxɛr ʦˈadik livrˈuxə
106	עולם הבא	עולמ הבא	2	known	no	ˈɔjləm hba
104	ערב שבת	ערב שבת	2	known	no	ɛrb ʃˈabəs
101	ראש ישיבה	ראש ישיבה	2	known	no	rɔjʃ jəʃˈivə
94	מוצאי שבת	מוצאי שבת	2	known	no	mˈiʦaː ʃˈabəs
79	קידוש השם	קידוש השמ	2	known	no	kˈidəʃ haʃˈɛm
75	חול המועד	חול המועד	2	known	no	xul hmˈiəd
70	לך לך	לכ לכ	2	books	no	ləxˈu ləxˈu
67	אהבת ישראל	אהבת ישראל	2	known	no	ˈahavas jisrˈuəl
60	שבע ברכות	שבע ברכות	2	known	no	ʒbə brˈuxəs
57	עולם הזה	עולמ הזה	2	known	no	ˈɔjləm hˈazɛ
53	הנה מה	הנה מה	2	books	no	hˈinaj ma
50	מחצית השקל	מחצית השקל	2	books	no	maxˈaʦis haʃˈɛkɛl
49	מה נשתנה	מה נשתנה	2	books	no	ma niʃtˈanu
44	יום כיפּור	יומ כיפור	2	known	no	jɔjm xipˈir
40	מלך מלכי המלכים	מלכ מלכי המלכימ	3	known	no	mˈajləx mlxi hmlxim
37	אחים גם	אחימ גמ	2	books	no	ˈaxim ɡam
35	בעזרת השם	בעזרת השמ	2	known	no	bəˈɛzras haʃˈɛm
35	יום טובֿ	יומ טוב	2	known	no	jɔjm tɔjv
34	אחים גם יחד	אחימ גמ יחד	3	books	no	ˈaxim ɡam jˈaxad
34	גם יחד	גמ יחד	2	books	no	ɡam jˈaxad
33	בר מצוה	בר מצוה	2	known	no	bar mˈiʦvə
32	ריבונו של עולם	ריבונו של עולמ	3	known	no	rˈibini ʃɛl ˈɔjləm
29	אשת חיל	אשת חיל	2	books	no	ˈajʃɛs xˈajil
29	בעלי בתים	בעלי בתימ	2	known	no	bˈɛli bˈutim
28	תורה ומצוות	תורה ומצוות	2	known	no	tˈɔjrə umˈiʦvɔjs
28	תמים תהיה	תמימ תהיה	2	books	no	tˈumim tˈihjɛ
27	חזק ונתחזק	חזק ונתחזק	2	books	no	xˈazak vənisxˈazak
26	וזאת הברכה	וזאת הברכה	2	books	no	vəzˈɔjs habrˈuxu
25	החודש הזה	החודש הזה	2	books	no	hˈaxvdɛʃ hˈazɛ
24	בנות צלפחד	בנות צלפחד	2	books	no	bənˈɔjs ʦəlˈufxud
22	אם ירצה השם	אמ ירצה השמ	3	known	no	am ˈirʦə haʃˈɛm
22	וחי בהם	וחי בהמ	2	books	no	vəxˈuj bˈuhɛm
22	מסירת נפש	מסירת נפש	2	known	no	məsˈiras nˈejfiʃ
21	מה אהבתי	מה אהבתי	2	books	no	ma ahavˈusi
21	מערת המכפלה	מערת המכפלה	2	books	no	məˈuras hamaxpˈajlu
20	יום כּיפּור	יומ כיפור	2	known	no	jɔjm kipˈir
20	לשם יחוד	לשמ יחוד	2	books	no	ləʃˈajm jˈixud
20	נח נח	נח נח	2	books	no	nˈɔjxa nˈɔjxa
20	נחמו נחמו	נחמו נחמו	2	books	no	naxˈamu naxˈamu
19	מלוה מלכה	מלוה מלכה	2	known	no	mli mˈalku
18	אהבתי תורתך	אהבתי תורתכ	2	books	no	ahavˈusi tɔjrusˈɛxu
18	מה אהבתי תורתך	מה אהבתי תורתכ	3	books	no	ma ahavˈusi tɔjrusˈɛxu
18	משנה למלך	משנה למלכ	2	books	no	mˈiʃnu ləmˈɛlɛx
18	שלום בית	שלומ בית	2	known	no	ʃˈuləm bajs
17	זאת תורת	זאת תורת	2	books	no	zɔjs tˈɔjras
17	שמן זית	שמנ זית	2	books	no	ʃˈɛmɛn zˈajis
16	אחרי מות	אחרי מות	2	books	no	axˈaraj mˈuvɛs
16	אתה הראת	אתה הראת	2	books	no	ˈatu hurˈajsu
16	בביאת המשיח	בביאת המשיח	2	books	no	bəvˈias hamuʃˈixa
16	בכל עת	בכל עת	2	books	no	bəxˈul ajs
16	גמילות חסדים	גמילות חסדימ	2	known	no	ɡəmˈilus xasˈudim
16	זאת אומרת	זאת אומרת	2	books+known	no	zɔjs ɔjmˈɛrɛs
16	מכל הלילות	מכל הלילות	2	books	no	mˈikul halˈajlɔjs
16	מצות ציצית	מצות ציצית	2	books	no	mˈaʦɔjs ʦˈiʦis
16	ערבֿ שבת	ערב שבת	2	known	no	ɛrv ʃˈabəs
16	פסח שני	פסח שני	2	known	no	pˈajsəx ʃni
15	בשורות טובות	בשורות טובות	2	books	no	bəsˈɔjrɔjs tˈɔjvɔjs
15	הזה מכל	הזה מכל	2	books	no	hˈazɛ mˈikul
15	ואתה תצוה	ואתה תצוה	2	books	no	vəˈatu təʦˈavɛ
