rank,word,freq,reason,subtype,all_reasons,engine_ipa,engine_guess,candidates,question,verdict
1,א,49351,alef-default,alef-vowel,alef-default,a,a,a | u,the unpointed א: a (a as in 'father') or u (u as in 'put')? — or an o (o as in 'law')?,
2,אייבערשטער,3129,alef-default,alef-silent,alef-default,ˈajbərʃtər,AYbershter,,we say **AYbershter** — right?,
3,פלעגט,1645,pe-default,pe-default,pe-default,flɛɡt,flegt,flegt | plegt,the פ: f (flegt) or p (plegt)?,
4,סאך,1400,alef-default,alef-vowel,alef-default,sax,sakh,sakh | sukh,the unpointed א: sakh (a as in 'father') or sukh (u as in 'put')? — or an o (o as in 'law')?,
5,דעמאלטס,1255,alef-default,alef-vowel,alef-default,dˈɛmalʦ,DEmalts,DEmalts | DEmults,the unpointed א: DEmalts (a as in 'father') or DEmults (u as in 'put')? — or an o (o as in 'law')?,
6,סא,1238,alef-default,alef-final,alef-default,sa,sa,se | sa | su,"the א at the end: se (…-e), sa (…-a), su (…-u) — or silent (sa)?",
7,אינטערעסאנטע,1095,alef-default,alef-vowel,alef-default,ˈintərəsantə,Interesante,Interesante | Interesunte,the unpointed א: Interesante (a as in 'father') or Interesunte (u as in 'put')? — or an o (o as in 'law')?,
8,געפרעגט,1066,pe-default,pe-default,pe-default,ɡəfrˈɛɡt,geFREgt,geFREgt | gePREgt,the פ: f (geFREgt) or p (gePREgt)?,
9,אזעלכע,1001,alef-default,alef-vowel,alef-default,azˈɛlxə,aZElkhe,aZElkhe | Uzelkhe,the unpointed א: aZElkhe (a as in 'father') or Uzelkhe (u as in 'put')? — or an o (o as in 'law')?,
10,פרעגט,996,pe-default,pe-default,pe-default,frɛɡt,fregt,fregt | pregt,the פ: f (fregt) or p (pregt)?,
11,יארצייט,940,alef-default,alef-vowel,alef-default,jˈarʦajt,yArtsayt,yArtsayt | yUrtsayt,the unpointed א: yArtsayt (a as in 'father') or yUrtsayt (u as in 'put')? — or an o (o as in 'law')?,
12,איי,884,alef-default,alef-silent,alef-default,aj,ay,,we say **ay** — right?,
13,אינטערעסאנט,874,alef-default,alef-vowel,alef-default,intərəsˈant,intereSAnt,intereSAnt | Interesunt,the unpointed א: intereSAnt (a as in 'father') or Interesunt (u as in 'put')? — or an o (o as in 'law')?,
14,אייבערשטן,871,alef-default,alef-silent,alef-default,ˈajbərʃtn,AYbershtn,,we say **AYbershtn** — right?,
15,פארציילט,788,alef-default,alef-vowel+pe-default,"alef-default,pe-default",farʦˈajlt,faRTSAYlt,faRTSAYlt | FUrtsaylt | PArtsaylt,the unpointed א: faRTSAYlt (a as in 'father') or FUrtsaylt (u as in 'put')? — or an o (o as in 'law')? the פ: f (faRTSAYlt) or p (PArtsaylt)?,
16,מוראדיגע,757,alef-default,alef-vowel,alef-default,mˈiradiɡə,MIradige,MIradige | MIrudige,the unpointed א: MIradige (a as in 'father') or MIrudige (u as in 'put')? — or an o (o as in 'law')?,
17,מוראדיקע,723,alef-default,alef-vowel,alef-default,mˈiradikə,MIradike,MIradike | MIrudike,the unpointed א: MIradike (a as in 'father') or MIrudike (u as in 'put')? — or an o (o as in 'law')?,
18,אל,716,alef-default,alef-vowel,alef-default,al,al,al | ul,the unpointed א: al (a as in 'father') or ul (u as in 'put')? — or an o (o as in 'law')?,
19,אבל,686,alef-default,alef-vowel,alef-default,abl,abl,abl | ubl,the unpointed א: abl (a as in 'father') or ubl (u as in 'put')? — or an o (o as in 'law')?,
20,דוא,653,alef-default,alef-final,alef-default,dˈia,DIA,die | dia | diu | di,"the א at the end: die (…-e), dia (…-a), diu (…-u) — or silent (di)?",
21,קשיא,652,alef-default,alef-final,alef-default,kʃˈia,KSHIA,kshie | kshia | kshiu | kshi,"the א at the end: kshie (…-e), kshia (…-a), kshiu (…-u) — or silent (kshi)?",
22,באקאנטע,636,alef-default,alef-vowel,alef-default,bakˈantə,baKAnte,baKAnte | BUkunte,the unpointed א: baKAnte (a as in 'father') or BUkunte (u as in 'put')? — or an o (o as in 'law')?,
23,אבינו,617,alef-default,alef-vowel,alef-default,ˈabini,Abini,Abini | Ubini,the unpointed א: Abini (a as in 'father') or Ubini (u as in 'put')? — or an o (o as in 'law')?,
24,בא,600,alef-default,alef-final,alef-default,ba,ba,be | ba | bu,"the א at the end: be (…-e), ba (…-a), bu (…-u) — or silent (ba)?",
25,אה,599,alef-default,alef-vowel,alef-default,a,a,,"the unpointed א — a, u or o?",
26,סופר,597,pe-default,pe-default,pe-default,sifr,sifr,sifr | sipr,the פ: f (sifr) or p (sipr)?,
27,אשר,581,alef-default,alef-vowel,alef-default,aʃr,ashr,ashr | ushr,the unpointed א: ashr (a as in 'father') or ushr (u as in 'put')? — or an o (o as in 'law')?,
28,הוא,576,alef-default,alef-final,alef-default,hˈia,HIA,hie | hia | hiu | hi,"the א at the end: hie (…-e), hia (…-a), hiu (…-u) — or silent (hi)?",
29,איש,549,alef-default,alef-silent,alef-default,iʃ,ish,,we say **ish** — right?,
30,מה,531,oov-lk,oov-lk,lk-fallback,mɛ,me,me,our guess: me? How do you say it?,
31,חתם,527,oov-lk,oov-lk,lk-fallback,xsm,khsm,khsm | khesem,our guess: khsm — or khesem? How do you say it?,
32,באקאנט,522,alef-default,alef-vowel,alef-default,bakˈant,baKAnt,baKAnt | BUkunt,the unpointed א: baKAnt (a as in 'father') or BUkunt (u as in 'put')? — or an o (o as in 'law')?,
33,וואייל,514,alef-default,alef-vowel,alef-default,vˈaajl,VAAYl,,"the unpointed א — a, u or o?",
34,טאן,493,alef-default,alef-vowel,alef-default,tan,tan,tan | tun,the unpointed א: tan (a as in 'father') or tun (u as in 'put')? — or an o (o as in 'law')?,
35,גאנצן,492,alef-default,alef-vowel,alef-default,ɡanʦn,gantsn,gantsn | guntsn,the unpointed א: gantsn (a as in 'father') or guntsn (u as in 'put')? — or an o (o as in 'law')?,
36,גאון,480,alef-default,alef-vowel,alef-default,ɡin,gin,GAIn | GUIn,the unpointed א: GAIn (a as in 'father') or GUIn (u as in 'put')? — or an o (o as in 'law')?,
37,פיר,476,pe-default,pe-default,pe-default,fir,fir,fir | pir,the פ: f (fir) or p (pir)?,
38,דאווענען,474,alef-default,alef-vowel,alef-default,dˈavənən,DAvenen,DAvenen | DUvenen,the unpointed א: DAvenen (a as in 'father') or DUvenen (u as in 'put')? — or an o (o as in 'law')?,
39,מורא,464,alef-default,alef-final,alef-default,mˈira,MIra,mire | mira | miru | mir,"the א at the end: mire (…-e), mira (…-a), miru (…-u) — or silent (mir)?",
40,אם,449,alef-default,alef-vowel,alef-default,am,am,am | um,the unpointed א: am (a as in 'father') or um (u as in 'put')? — or an o (o as in 'law')?,
41,פרעגן,448,pe-default,pe-default,pe-default,frɛɡn,fregn,fregn | pregn,the פ: f (fregn) or p (pregn)?,
42,געהאלטן,447,alef-default,alef-vowel,alef-default,ɡəhˈaltn,geHAltn,geHAltn | geHUltn,the unpointed א: geHAltn (a as in 'father') or geHUltn (u as in 'put')? — or an o (o as in 'law')?,
43,מצות,446,oov-lk,oov-lk,lk-fallback,mʦis,mtsis,mtsis | metsis,our guess: mtsis — or metsis? How do you say it?,
44,אויגן,434,alef-default,alef-silent,alef-default,ɔjɡn,oygn,,we say **oygn** — right?,
45,בגימטריא,434,alef-default,alef-final,alef-default,bɡˈimtria,BGImtria,BGImtrie | BGImtria | BGImtriu | BGImtri,"the א at the end: BGImtrie (…-e), BGImtria (…-a), BGImtriu (…-u) — or silent (BGImtri)?",
46,אור,420,alef-default,alef-silent,alef-default,ir,ir,,we say **ir** — right?,
47,אנגעקומען,403,alef-default,alef-vowel,alef-default,ˈanɡəkimən,Angekimen,Angekimen | Ungekimen,the unpointed א: Angekimen (a as in 'father') or Ungekimen (u as in 'put')? — or an o (o as in 'law')?,
48,חסיד,397,oov-lk,oov-lk,lk-fallback,xˈusid,KHUsid,KHUsid | khusid,our guess: KHUsid — or khusid? How do you say it?,
49,מאמע,392,alef-default,alef-vowel,alef-default,mˈamə,MAme,MAme | MUme,the unpointed א: MAme (a as in 'father') or MUme (u as in 'put')? — or an o (o as in 'law')?,
50,אייניקל,383,alef-default,alef-silent,alef-default,ˈajnikl,AYnikl,,we say **AYnikl** — right?,
51,אהרן,379,alef-default,alef-vowel,alef-default,arn,arn,arn | urn,the unpointed א: arn (a as in 'father') or urn (u as in 'put')? — or an o (o as in 'law')?,
52,געוואוסט,378,alef-default,alef-vowel,alef-default,ɡəvˈist,geVIst,geVAIst | geVUIst,the unpointed א: geVAIst (a as in 'father') or geVUIst (u as in 'put')? — or an o (o as in 'law')?,
53,אום,376,alef-default,alef-silent,alef-default,im,im,,we say **im** — right?,
54,געטאן,376,alef-default,alef-vowel,alef-default,ɡətˈan,geTAn,geTAn | geTUn,the unpointed א: geTAn (a as in 'father') or geTUn (u as in 'put')? — or an o (o as in 'law')?,
55,מלאכים,373,alef-default,alef-vowel,alef-default,mlˈaxim,MLAkhim,MLAkhim | MLUkhim,the unpointed א: MLAkhim (a as in 'father') or MLUkhim (u as in 'put')? — or an o (o as in 'law')?,
56,וואיל,370,alef-default,alef-vowel,alef-default,vaːl,val,val | vuyl,the unpointed א: val (a as in 'father') or vuyl (u as in 'put')? — or an o (o as in 'law')?,
57,אדם,361,alef-default,alef-vowel,alef-default,adm,adm,adm | udm,the unpointed א: adm (a as in 'father') or udm (u as in 'put')? — or an o (o as in 'law')?,
58,פינף,359,pe-default,pe-default,pe-default,finf,finf,finf | pinf,the פ: f (finf) or p (pinf)?,
59,אלף,351,alef-default,alef-vowel+pe-default,"alef-default,pe-default",alf,alf,alf | ulf,the unpointed א: alf (a as in 'father') or ulf (u as in 'put')? — or an o (o as in 'law')? the פ/ף — f or p?,
60,טאטן,344,alef-default,alef-vowel,alef-default,tatn,tatn,tatn | tutn,the unpointed א: tatn (a as in 'father') or tutn (u as in 'put')? — or an o (o as in 'law')?,
61,מחלוקת,341,oov-lk,oov-lk,lk-fallback,mxliks,mkhliks,mkhliks | mekhelikes,our guess: mkhliks — or mekhelikes? How do you say it?,
62,מלאך,340,alef-default,alef-vowel,alef-default,mlax,mlakh,mlakh | mlukh,the unpointed א: mlakh (a as in 'father') or mlukh (u as in 'put')? — or an o (o as in 'law')?,
63,פרוי,339,pe-default,pe-default,pe-default,frɔj,froy,froy | proy,the פ: f (froy) or p (proy)?,
64,נא,336,alef-default,alef-final,alef-default,na,na,ne | na | nu,"the א at the end: ne (…-e), na (…-a), nu (…-u) — or silent (na)?",
65,ולא,332,alef-default,alef-final,alef-default,ˈila,Ila,ile | ila | ilu | il,"the א at the end: ile (…-e), ila (…-a), ilu (…-u) — or silent (il)?",
66,כיפור,332,pe-default,pe-default,pe-default,xifˈir,khiFIr,khiFIr | khiPIr,the פ: f (khiFIr) or p (khiPIr)?,
67,אלימלך,330,alef-default,alef-vowel,alef-default,ˈalimlx,Alimlkh,Alimlkh | Ulimlkh,the unpointed א: Alimlkh (a as in 'father') or Ulimlkh (u as in 'put')? — or an o (o as in 'law')?,
68,פארציילן,327,alef-default,alef-vowel+pe-default,"alef-default,pe-default",farʦˈajln,faRTSAYln,faRTSAYln | FUrtsayln | PArtsayln,the unpointed א: faRTSAYln (a as in 'father') or FUrtsayln (u as in 'put')? — or an o (o as in 'law')? the פ: f (faRTSAYln) or p (PArtsayln)?,
69,האנט,322,alef-default,alef-vowel,alef-default,hant,hant,hant | hunt,the unpointed א: hant (a as in 'father') or hunt (u as in 'put')? — or an o (o as in 'law')?,
70,געטראפן,321,alef-default,alef-vowel+pe-default,"alef-default,pe-default",ɡətrˈafn,geTRAfn,geTRAfn | geTRUfn | geTRApn,the unpointed א: geTRAfn (a as in 'father') or geTRUfn (u as in 'put')? — or an o (o as in 'law')? the פ: f (geTRAfn) or p (geTRApn)?,
71,תיבות,317,oov-lk,oov-lk,lk-fallback,sˈibis,SIbis,SIbis | sibis,our guess: SIbis — or sibis? How do you say it?,
72,אני,313,alef-default,alef-vowel,alef-default,ˈani,Ani,Ani | Uni,the unpointed א: Ani (a as in 'father') or Uni (u as in 'put')? — or an o (o as in 'law')?,
73,פיש,311,pe-default,pe-default,pe-default,fiʃ,fish,fish | pish,the פ: f (fish) or p (pish)?,
74,חומש,310,oov-lk,oov-lk,lk-fallback,ximʃ,khimsh,khimsh | khimesh,our guess: khimsh — or khimesh? How do you say it?,
75,זכר,309,oov-lk,oov-lk,lk-fallback,zxr,zkhr,zkhr | zekher,our guess: zkhr — or zekher? How do you say it?,
76,חפץ,307,oov-lk,pe-default+oov-lk,"lk-fallback,pe-default",xfʦ,khfts,khfts | khpts | khefets,the פ: f (khfts) or p (khpts)? our guess: khfts — or khefets? How do you say it?,
77,טראכט,301,alef-default,alef-vowel,alef-default,traxt,trakht,trakht | trukht,the unpointed א: trakht (a as in 'father') or trukht (u as in 'put')? — or an o (o as in 'law')?,
78,קרבן,301,oov-lk,oov-lk,lk-fallback,krbn,krbn,krbn | kereben,our guess: krbn — or kereben? How do you say it?,
79,ראשי,300,alef-default,alef-vowel,alef-default,rˈaʃi,RAshi,RAshi | RUshi,the unpointed א: RAshi (a as in 'father') or RUshi (u as in 'put')? — or an o (o as in 'law')?,
80,פארגעסן,299,alef-default,alef-vowel+pe-default,"alef-default,pe-default",farɡˈɛsn,faRGEsn,faRGEsn | FUrgesn | PArgesn,the unpointed א: faRGEsn (a as in 'father') or FUrgesn (u as in 'put')? — or an o (o as in 'law')? the פ: f (faRGEsn) or p (PArgesn)?,
81,מוראדיק,296,alef-default,alef-vowel,alef-default,mˈiradik,MIradik,MIradik | MIrudik,the unpointed א: MIradik (a as in 'father') or MIrudik (u as in 'put')? — or an o (o as in 'law')?,
82,אויבן,293,alef-default,alef-silent,alef-default,ɔjbn,oybn,,we say **oybn** — right?,
83,געפארן,292,alef-default,alef-vowel+pe-default,"alef-default,pe-default",ɡəfˈarn,geFArn,geFArn | geFUrn | gePArn,the unpointed א: geFArn (a as in 'father') or geFUrn (u as in 'put')? — or an o (o as in 'law')? the פ: f (geFArn) or p (gePArn)?,
84,דארפסט,290,alef-default,alef-vowel+pe-default,"alef-default,pe-default",darfst,darfst,darfst | durfst | darpst,the unpointed א: darfst (a as in 'father') or durfst (u as in 'put')? — or an o (o as in 'law')? the פ: f (darfst) or p (darpst)?,
85,דארפסטו,290,alef-default,alef-vowel+pe-default,"alef-default,pe-default",dˈarfsti,DArfsti,DArfsti | DUrfsti | DArpsti,the unpointed א: DArfsti (a as in 'father') or DUrfsti (u as in 'put')? — or an o (o as in 'law')? the פ: f (DArfsti) or p (DArpsti)?,
86,משנה,289,oov-lk,oov-lk,lk-fallback,mʃnə,mshne,mshne | meshene,our guess: mshne — or meshene? How do you say it?,
87,נס,286,oov-lk,oov-lk,lk-fallback,ns,ns,ns | nes,our guess: ns — or nes? How do you say it?,
88,געשטאנען,283,alef-default,alef-vowel,alef-default,ɡəʃtˈanən,geSHTAnen,geSHTAnen | geSHTUnen,the unpointed א: geSHTAnen (a as in 'father') or geSHTUnen (u as in 'put')? — or an o (o as in 'law')?,
89,אליהו,280,alef-default,alef-vowel,alef-default,ˈalihi,Alihi,Alihi | Ulihi,the unpointed א: Alihi (a as in 'father') or Ulihi (u as in 'put')? — or an o (o as in 'law')?,
90,געטראכט,276,alef-default,alef-vowel,alef-default,ɡətrˈaxt,geTRAkht,geTRAkht | geTRUkht,the unpointed א: geTRAkht (a as in 'father') or geTRUkht (u as in 'put')? — or an o (o as in 'law')?,
91,אינטערעסאַנטע,274,alef-default,alef-silent,alef-default,ˈintərəsantə,Interesante,,we say **Interesante** — right?,
92,פארשטאנען,271,alef-default,alef-vowel+pe-default,"alef-default,pe-default",farʃtˈanən,faRSHTAnen,faRSHTAnen | FUrshtunen | PArshtanen,the unpointed א: faRSHTAnen (a as in 'father') or FUrshtunen (u as in 'put')? — or an o (o as in 'law')? the פ: f (faRSHTAnen) or p (PArshtanen)?,
93,קורח,269,oov-lk,oov-lk,lk-fallback,kirx,kirkh,kirkh | kirekh,our guess: kirkh — or kirekh? How do you say it?,
94,אלול,266,alef-default,alef-vowel,alef-default,ˈalil,Alil,Alil | Ulil,the unpointed א: Alil (a as in 'father') or Ulil (u as in 'put')? — or an o (o as in 'law')?,
95,פסוקים,265,pe-default,pe-default,pe-default,fsˈikim,FSIkim,FSIkim | PSIkim,the פ: f (FSIkim) or p (PSIkim)?,
96,גערופן,264,pe-default,pe-default,pe-default,ɡərˈifn,geRIfn,geRIfn | geRIpn,the פ: f (geRIfn) or p (geRIpn)?,
97,מוראדיג,260,alef-default,alef-vowel,alef-default,mˈiradiɡ,MIradig,MIradig | MIrudig,the unpointed א: MIradig (a as in 'father') or MIrudig (u as in 'put')? — or an o (o as in 'law')?,
98,אזויפיל,257,alef-default,alef-vowel+pe-default,"alef-default,pe-default",ˈazɔjfil,Azoyfil,Azoyfil | Uzoyfil | Azoypil,the unpointed א: Azoyfil (a as in 'father') or Uzoyfil (u as in 'put')? — or an o (o as in 'law')? the פ: f (Azoyfil) or p (Azoypil)?,
99,אריינגעקומען,255,alef-default,alef-vowel,alef-default,arˈaːnɡəkimən,aRAngekimen,aRAngekimen | Urayngekimen,the unpointed א: aRAngekimen (a as in 'father') or Urayngekimen (u as in 'put')? — or an o (o as in 'law')?,
100,הנאה,255,alef-default,alef-vowel,alef-default,hna,hna,,"the unpointed א — a, u or o?",
101,שלא,255,alef-default,alef-final,alef-default,ʃla,shla,shele | shela | shelu | shel,"the א at the end: shele (…-e), shela (…-a), shelu (…-u) — or silent (shel)?",
102,גאנצער,251,alef-default,alef-vowel,alef-default,ɡˈanʦər,GAntser,GAntser | GUntser,the unpointed א: GAntser (a as in 'father') or GUntser (u as in 'put')? — or an o (o as in 'law')?,
103,לאנגע,251,alef-default,alef-vowel,alef-default,lˈanɡə,LAnge,LAnge | LUnge,the unpointed א: LAnge (a as in 'father') or LUnge (u as in 'put')? — or an o (o as in 'law')?,
104,באקומט,250,alef-default,alef-vowel,alef-default,bakˈimt,baKImt,baKImt | BUkimt,the unpointed א: baKImt (a as in 'father') or BUkimt (u as in 'put')? — or an o (o as in 'law')?,
105,אמה,246,alef-default,alef-vowel,alef-default,ˈamə,Ame,Ame | Ume,the unpointed א: Ame (a as in 'father') or Ume (u as in 'put')? — or an o (o as in 'law')?,
106,שטאט,244,alef-default,alef-vowel,alef-default,ʃtat,shtat,shtat | shtut,the unpointed א: shtat (a as in 'father') or shtut (u as in 'put')? — or an o (o as in 'law')?,
107,פריער,241,pe-default,pe-default,pe-default,frˈiər,FRIEr,FRIEr | PRIEr,the פ: f (FRIEr) or p (PRIEr)?,
108,אליעזר,240,alef-default,alef-vowel,alef-default,ˈaliəzr,Aliezr,Aliezr | Uliezr,the unpointed א: Aliezr (a as in 'father') or Uliezr (u as in 'put')? — or an o (o as in 'law')?,
109,פעקל,239,pe-default,pe-default,pe-default,fɛkl,fekl,fekl | pekl,the פ: f (fekl) or p (pekl)?,
110,באקאנטער,238,alef-default,alef-vowel,alef-default,bakˈantər,baKAnter,baKAnter | BUkunter,the unpointed א: baKAnter (a as in 'father') or BUkunter (u as in 'put')? — or an o (o as in 'law')?,
111,אכט,232,alef-default,alef-vowel,alef-default,axt,akht,akht | ukht,the unpointed א: akht (a as in 'father') or ukht (u as in 'put')? — or an o (o as in 'law')?,
112,חסידישע,231,oov-lk,oov-lk,lk-fallback,xˈusidiʃə,KHUsidishe,KHUsidishe | khusidishe,our guess: KHUsidishe — or khusidishe? How do you say it?,
113,צאנזער,229,alef-default,alef-vowel,alef-default,ʦˈanzər,TSAnzer,TSAnzer | TSUnzer,the unpointed א: TSAnzer (a as in 'father') or TSUnzer (u as in 'put')? — or an o (o as in 'law')?,
114,אינטערעסאַנט,227,alef-default,alef-silent,alef-default,intərəsˈant,intereSAnt,,we say **intereSAnt** — right?,
115,שמואל,226,alef-default,alef-vowel,alef-default,ʃmˈial,SHMIAl,SHMIAl | SHMIUl,the unpointed א: SHMIAl (a as in 'father') or SHMIUl (u as in 'put')? — or an o (o as in 'law')?,
116,פרעה,221,pe-default,pe-default,pe-default,frə,fre,fre | pre,the פ: f (fre) or p (pre)?,
117,אלקים,220,alef-default,alef-vowel,alef-default,ˈalkim,Alkim,Alkim | Ulkim,the unpointed א: Alkim (a as in 'father') or Ulkim (u as in 'put')? — or an o (o as in 'law')?,
118,פייער,214,pe-default,pe-default,pe-default,fˈajər,FAYEr,FAYEr | PAYEr,the פ: f (FAYEr) or p (PAYEr)?,
119,פארשטעלן,213,alef-default,alef-vowel+pe-default,"alef-default,pe-default",farʃtˈɛln,faRSHTEln,faRSHTEln | FUrshteln | PArshteln,the unpointed א: faRSHTEln (a as in 'father') or FUrshteln (u as in 'put')? — or an o (o as in 'law')? the פ: f (faRSHTEln) or p (PArshteln)?,
120,אמרי,210,alef-default,alef-vowel,alef-default,ˈamri,Amri,Amri | Umri,the unpointed א: Amri (a as in 'father') or Umri (u as in 'put')? — or an o (o as in 'law')?,
121,קשיות,210,oov-lk,oov-lk,lk-fallback,kʃjis,kshyis,kshyis | keshyis,our guess: kshyis — or keshyis? How do you say it?,
122,יארצייטן,204,alef-default,alef-vowel,alef-default,jˈarʦajtn,yArtsaytn,yArtsaytn | yUrtsaytn,the unpointed א: yArtsaytn (a as in 'father') or yUrtsaytn (u as in 'put')? — or an o (o as in 'law')?,
123,ענטפערט,204,pe-default,pe-default,pe-default,ˈɛntfərt,Entfert,Entfert | Entpert,the פ: f (Entfert) or p (Entpert)?,
124,השפעות,202,oov-lk,pe-default+oov-lk,"lk-fallback,pe-default",hʃpˈɛis,HSHPEIs,HSHFEIs | HSHPEIs | heshepeis,the פ: f (HSHFEIs) or p (HSHPEIs)? our guess: HSHPEIs — or heshepeis? How do you say it?,
125,אונדז,201,alef-default,alef-silent,alef-default,indz,indz,,we say **indz** — right?,
126,אלעזר,201,alef-default,alef-vowel,alef-default,ˈaləzr,Alezr,Alezr | Ulezr,the unpointed א: Alezr (a as in 'father') or Ulezr (u as in 'put')? — or an o (o as in 'law')?,
127,סאטמארער,201,alef-default,alef-vowel,alef-default,sˈatmarər,SAtmarer,SAtmarer | SUtmurer,the unpointed א: SAtmarer (a as in 'father') or SUtmurer (u as in 'put')? — or an o (o as in 'law')?,
128,ארויסגעקומען,199,alef-default,alef-vowel,alef-default,arˈoʊzɡəkimən,aROUzgekimen,aROUzgekimen | Uroyzgekimen,the unpointed א: aROUzgekimen (a as in 'father') or Uroyzgekimen (u as in 'put')? — or an o (o as in 'law')?,
129,אריינגיין,198,alef-default,alef-vowel,alef-default,arˈaːnɡajn,aRAngayn,aRAngayn | Urayngayn,the unpointed א: aRAngayn (a as in 'father') or Urayngayn (u as in 'put')? — or an o (o as in 'law')?,
130,געוואלדיג,198,alef-default,alef-vowel,alef-default,ɡəvˈaldiɡ,geVAldig,geVAldig | geVUldig,the unpointed א: geVAldig (a as in 'father') or geVUldig (u as in 'put')? — or an o (o as in 'law')?,
131,הלכות,198,oov-lk,oov-lk,lk-fallback,hlxis,hlkhis,hlkhis | helekhis,our guess: hlkhis — or helekhis? How do you say it?,
132,שפעט,198,pe-default,pe-default,pe-default,ʃpɛt,shpet,shfet | shpet,the פ: f (shfet) or p (shpet)?,
133,צוואנציג,196,alef-default,alef-vowel,alef-default,ʦvˈanʦiɡ,TSVAntsig,TSVAntsig | TSVUntsig,the unpointed א: TSVAntsig (a as in 'father') or TSVUntsig (u as in 'put')? — or an o (o as in 'law')?,
134,האלב,194,alef-default,alef-vowel,alef-default,halb,halb,halb | hulb,the unpointed א: halb (a as in 'father') or hulb (u as in 'put')? — or an o (o as in 'law')?,
135,עפנט,191,pe-default,pe-default,pe-default,ɛfnt,efnt,efnt | epnt,the פ: f (efnt) or p (epnt)?,
136,קאן,185,alef-default,alef-vowel,alef-default,kan,kan,kan | kun,the unpointed א: kan (a as in 'father') or kun (u as in 'put')? — or an o (o as in 'law')?,
137,שופר,185,pe-default,pe-default,pe-default,ʃifr,shifr,shifr | shipr,the פ: f (shifr) or p (shipr)?,
138,גבאי,184,alef-default,alef-vowel,alef-default,ɡbaː,gba,gba | gbuy,the unpointed א: gba (a as in 'father') or gbuy (u as in 'put')? — or an o (o as in 'law')?,
139,ווארום,183,alef-default,alef-vowel,alef-default,vˈarim,VArim,VArim | VUrim,the unpointed א: VArim (a as in 'father') or VUrim (u as in 'put')? — or an o (o as in 'law')?,
140,אונזערע,182,alef-default,alef-silent,alef-default,ˈinzərə,Inzere,,we say **Inzere** — right?,
141,גאולה,182,alef-default,alef-vowel,alef-default,ɡˈilə,GIle,GAIle | GUIle,the unpointed א: GAIle (a as in 'father') or GUIle (u as in 'put')? — or an o (o as in 'law')?,
142,פארקערט,182,alef-default,alef-vowel+pe-default,"alef-default,pe-default",farkˈɛrt,faRKErt,faRKErt | FUrkert | PArkert,the unpointed א: faRKErt (a as in 'father') or FUrkert (u as in 'put')? — or an o (o as in 'law')? the פ: f (faRKErt) or p (PArkert)?,
143,אב,181,alef-default,alef-vowel,alef-default,ab,ab,ab | ub,the unpointed א: ab (a as in 'father') or ub (u as in 'put')? — or an o (o as in 'law')?,
144,תוספות,180,oov-lk,pe-default+oov-lk,"lk-fallback,pe-default",sˈisfis,SIsfis,SIsfis | SIspis | sisefis,the פ: f (SIsfis) or p (SIspis)? our guess: SIsfis — or sisefis? How do you say it?,
145,פיס,179,pe-default,pe-default,pe-default,fis,fis,fis | pis,the פ: f (fis) or p (pis)?,
146,פי,175,pe-default,pe-default,pe-default,fi,fi,fi | pi,the פ: f (fi) or p (pi)?,
147,חילוק,174,oov-lk,oov-lk,lk-fallback,xˈilik,KHIlik,KHIlik | khilik,our guess: KHIlik — or khilik? How do you say it?,
148,דאם,173,alef-default,alef-vowel,alef-default,dam,dam,dam | dum,the unpointed א: dam (a as in 'father') or dum (u as in 'put')? — or an o (o as in 'law')?,
149,לשם,173,oov-lk,oov-lk,lk-fallback,lʃm,lshm,lshm | leshem,our guess: lshm — or leshem? How do you say it?,
150,הנביא,172,alef-default,alef-final,alef-default,hnbˈia,HNBIA,hnbie | hnbia | hnbiu | hnbi,"the א at the end: hnbie (…-e), hnbia (…-a), hnbiu (…-u) — or silent (hnbi)?",
151,חיות,172,oov-lk,oov-lk,lk-fallback,xjis,khyis,khyis,our guess: khyis? How do you say it?,
152,באב,171,alef-default,alef-vowel,alef-default,bab,bab,bab | bub,the unpointed א: bab (a as in 'father') or bub (u as in 'put')? — or an o (o as in 'law')?,
153,תולדות,169,oov-lk,oov-lk,lk-fallback,sˈildis,SIldis,SIldis | siledis,our guess: SIldis — or siledis? How do you say it?,
154,תפילין,169,oov-lk,pe-default+oov-lk,"lk-fallback,pe-default",sfˈilin,SFIlin,SFIlin | SPIlin | sefilin,the פ: f (SFIlin) or p (SPIlin)? our guess: SFIlin — or sefilin? How do you say it?,
155,אודאי,168,alef-default,alef-vowel,alef-default,ˈidaː,Ida,Ida | Iduy,the unpointed א: Ida (a as in 'father') or Iduy (u as in 'put')? — or an o (o as in 'law')?,
156,אלטער,166,alef-default,alef-vowel,alef-default,ˈaltər,Alter,Alter | Ulter,the unpointed א: Alter (a as in 'father') or Ulter (u as in 'put')? — or an o (o as in 'law')?,
157,דבר,165,oov-lk,oov-lk,lk-fallback,dbr,dbr,dbr | deber,our guess: dbr — or deber? How do you say it?,
158,איציקל,164,alef-default,alef-silent,alef-default,ˈiʦikl,Itsikl,,we say **Itsikl** — right?,
159,הבא,164,alef-default,alef-final,alef-default,hba,hba,have | hava | havu | hav,"the א at the end: have (…-e), hava (…-a), havu (…-u) — or silent (hav)?",
160,אהין,161,alef-default,alef-vowel,alef-default,ahˈin,aHIn,aHIn | Uhin,the unpointed א: aHIn (a as in 'father') or Uhin (u as in 'put')? — or an o (o as in 'law')?,
161,אויבערשטער,161,alef-default,alef-silent,alef-default,ˈɔjbərʃtər,OYbershter,,we say **OYbershter** — right?,
162,פירן,161,pe-default,pe-default,pe-default,firn,firn,firn | pirn,the פ: f (firn) or p (pirn)?,
163,דאכט,160,alef-default,alef-vowel,alef-default,daxt,dakht,dakht | dukht,the unpointed א: dakht (a as in 'father') or dukht (u as in 'put')? — or an o (o as in 'law')?,
164,או,159,alef-default,alef-silent,alef-default,i,i,,we say **i** — right?,
165,מוראדיקער,157,alef-default,alef-vowel,alef-default,mˈiradikər,MIradiker,MIradiker | MIrudiker,the unpointed א: MIradiker (a as in 'father') or MIrudiker (u as in 'put')? — or an o (o as in 'law')?,
166,אהער,156,alef-default,alef-vowel,alef-default,ahˈɛr,aHEr,aHEr | Uher,the unpointed א: aHEr (a as in 'father') or Uher (u as in 'put')? — or an o (o as in 'law')?,
167,געוואלדיגע,156,alef-default,alef-vowel,alef-default,ɡəvˈaldiɡə,geVAldige,geVAldige | geVUldige,the unpointed א: geVAldige (a as in 'father') or geVUldige (u as in 'put')? — or an o (o as in 'law')?,
168,קדושת,155,oov-lk,oov-lk,lk-fallback,kdiʃs,kdishs,kdishs | kedishes,our guess: kdishs — or kedishes? How do you say it?,
169,שליח,154,oov-lk,oov-lk,lk-fallback,ʃlix,shlikh,shlikh | shelikh,our guess: shlikh — or shelikh? How do you say it?,
170,אט,153,alef-default,alef-vowel,alef-default,at,at,at | ut,the unpointed א: at (a as in 'father') or ut (u as in 'put')? — or an o (o as in 'law')?,
171,מדרגה,153,oov-lk,oov-lk,lk-fallback,mdrɡə,mdrge,mdrge | mederege,our guess: mdrge — or mederege? How do you say it?,
172,געוואלד,152,alef-default,alef-vowel,alef-default,ɡəvˈald,geVAld,geVAld | geVUld,the unpointed א: geVAld (a as in 'father') or geVUld (u as in 'put')? — or an o (o as in 'law')?,
173,ווארטן,152,alef-default,alef-vowel,alef-default,vartn,vartn,vartn | vurtn,the unpointed א: vartn (a as in 'father') or vurtn (u as in 'put')? — or an o (o as in 'law')?,
174,מאמין,152,alef-default,alef-vowel,alef-default,mˈamin,MAmin,MAmin | MUmin,the unpointed א: MAmin (a as in 'father') or MUmin (u as in 'put')? — or an o (o as in 'law')?,
175,פרי,151,pe-default,pe-default,pe-default,fri,fri,fri | pri,the פ: f (fri) or p (pri)?,
176,געפאלן,150,alef-default,alef-vowel+pe-default,"alef-default,pe-default",ɡəfˈaln,geFAln,geFAln | geFUln | gePAln,the unpointed א: geFAln (a as in 'father') or geFUln (u as in 'put')? — or an o (o as in 'law')? the פ: f (geFAln) or p (gePAln)?,
177,אופן,148,pe-default,pe-default,"alef-default,pe-default",ifn,ifn,ifn | ipn,the פ: f (ifn) or p (ipn)?,
178,כדאי,148,alef-default,alef-vowel,alef-default,xdaː,khda,khda | khduy,the unpointed א: khda (a as in 'father') or khduy (u as in 'put')? — or an o (o as in 'law')?,
179,אלה,147,alef-default,alef-vowel,alef-default,ˈalə,Ale,Ale | Ule,the unpointed א: Ale (a as in 'father') or Ule (u as in 'put')? — or an o (o as in 'law')?,
180,געפילט,147,pe-default,pe-default,pe-default,ɡəfˈilt,geFIlt,geFIlt | gePIlt,the פ: f (geFIlt) or p (gePIlt)?,
181,שייכות,147,oov-lk,oov-lk,lk-fallback,ʃˈajxis,SHAYkhis,SHAYkhis | shaykhis,our guess: SHAYkhis — or shaykhis? How do you say it?,
182,טראכטן,146,alef-default,alef-vowel,alef-default,traxtn,trakhtn,trakhtn | trukhtn,the unpointed א: trakhtn (a as in 'father') or trukhtn (u as in 'put')? — or an o (o as in 'law')?,
183,לאז,146,alef-default,alef-vowel,alef-default,laz,laz,laz | luz,the unpointed א: laz (a as in 'father') or luz (u as in 'put')? — or an o (o as in 'law')?,
184,עקיבא,146,alef-default,alef-final,alef-default,ˈɛkiba,Ekiba,Ekibe | Ekiba | Ekibu | Ekib,"the א at the end: Ekibe (…-e), Ekiba (…-a), Ekibu (…-u) — or silent (Ekib)?",
185,אנגערופן,145,alef-default,alef-vowel+pe-default,"alef-default,pe-default",ˈanɡərifn,Angerifn,Angerifn | Ungerifn | Angeripn,the unpointed א: Angerifn (a as in 'father') or Ungerifn (u as in 'put')? — or an o (o as in 'law')? the פ: f (Angerifn) or p (Angeripn)?,
186,באשאפן,145,alef-default,alef-vowel+pe-default,"alef-default,pe-default",baʃˈafn,baSHAfn,baSHAfn | BUshufn | baSHApn,the unpointed א: baSHAfn (a as in 'father') or BUshufn (u as in 'put')? — or an o (o as in 'law')? the פ: f (baSHAfn) or p (baSHApn)?,
187,תירוץ,145,oov-lk,oov-lk,lk-fallback,sˈiriʦ,SIrits,SIrits | sirits,our guess: SIrits — or sirits? How do you say it?,
188,געשמאקע,143,alef-default,alef-vowel,alef-default,ɡəʃmˈakə,geSHMAke,geSHMAke | geSHMUke,the unpointed א: geSHMAke (a as in 'father') or geSHMUke (u as in 'put')? — or an o (o as in 'law')?,
189,געוואוינט,142,alef-default,alef-vowel,alef-default,ɡəvˈɔjnt,geVOYnt,geVAOYnt | geVUOYnt,the unpointed א: geVAOYnt (a as in 'father') or geVUOYnt (u as in 'put')? — or an o (o as in 'law')?,
190,חיזוק,142,oov-lk,oov-lk,lk-fallback,xˈizik,KHIzik,KHIzik | khizik,our guess: KHIzik — or khizik? How do you say it?,
191,מתן,142,oov-lk,oov-lk,lk-fallback,msn,msn,msn | mesen,our guess: msn — or mesen? How do you say it?,
192,אמר,140,alef-default,alef-vowel,alef-default,amr,amr,amr | umr,the unpointed א: amr (a as in 'father') or umr (u as in 'put')? — or an o (o as in 'law')?,
193,אלעמאל,139,alef-default,alef-vowel,alef-default,ˈaləmal,Alemal,Alemal | Ulemul,the unpointed א: Alemal (a as in 'father') or Ulemul (u as in 'put')? — or an o (o as in 'law')?,
194,גאס,138,alef-default,alef-vowel,alef-default,ɡas,gas,gas | gus,the unpointed א: gas (a as in 'father') or gus (u as in 'put')? — or an o (o as in 'law')?,
195,פעלט,138,pe-default,pe-default,pe-default,fɛlt,felt,felt | pelt,the פ: f (felt) or p (pelt)?,
196,איידער,137,alef-default,alef-silent,alef-default,ˈajdər,AYder,,we say **AYder** — right?,
197,אייניקלעך,137,alef-default,alef-silent,alef-default,ˈajnikləx,AYniklekh,,we say **AYniklekh** — right?,
198,בארג,137,alef-default,alef-vowel,alef-default,barɡ,barg,barg | burg,the unpointed א: barg (a as in 'father') or burg (u as in 'put')? — or an o (o as in 'law')?,
199,היא,137,alef-default,alef-final,alef-default,hˈia,HIA,hie | hia | hiu | hi,"the א at the end: hie (…-e), hia (…-a), hiu (…-u) — or silent (hi)?",
200,לויפט,137,pe-default,pe-default,pe-default,lɔjft,loyft,loyft | loypt,the פ: f (loyft) or p (loypt)?,
201,באם,136,alef-default,alef-vowel,alef-default,bam,bam,bam | bum,the unpointed א: bam (a as in 'father') or bum (u as in 'put')? — or an o (o as in 'law')?,
202,גימטריא,136,alef-default,alef-final,alef-default,ɡˈimtria,GImtria,GImtrie | GImtria | GImtriu | GImtri,"the א at the end: GImtrie (…-e), GImtria (…-a), GImtriu (…-u) — or silent (GImtri)?",
203,וירא,136,alef-default,alef-final,alef-default,ˈɔjra,OYra,oyre | oyra | oyru | oyr,"the א at the end: oyre (…-e), oyra (…-a), oyru (…-u) — or silent (oyr)?",
204,מאי,136,alef-default,alef-vowel,alef-default,maː,ma,ma | muy,the unpointed א: ma (a as in 'father') or muy (u as in 'put')? — or an o (o as in 'law')?,
205,אויערן,135,alef-default,alef-silent,alef-default,ˈɔjərn,OYErn,,we say **OYErn** — right?,
206,ישמח,135,oov-lk,oov-lk,lk-fallback,iʃmx,ishmkh,ishmkh | ishemekh,our guess: ishmkh — or ishemekh? How do you say it?,
207,דאי,134,alef-default,alef-vowel,alef-default,daː,da,da | duy,the unpointed א: da (a as in 'father') or duy (u as in 'put')? — or an o (o as in 'law')?,
208,רא,134,alef-default,alef-final,alef-default,ra,ra,re | ra | ru,"the א at the end: re (…-e), ra (…-a), ru (…-u) — or silent (ra)?",
209,פילט,132,pe-default,pe-default,pe-default,filt,filt,filt | pilt,the פ: f (filt) or p (pilt)?,
210,פארשטייסט,131,alef-default,alef-vowel+pe-default,"alef-default,pe-default",farʃtˈajst,faRSHTAYst,faRSHTAYst | FUrshtayst | PArshtayst,the unpointed א: faRSHTAYst (a as in 'father') or FUrshtayst (u as in 'put')? — or an o (o as in 'law')? the פ: f (faRSHTAYst) or p (PArshtayst)?,
211,געראטעוועט,130,alef-default,alef-vowel,alef-default,ɡərˈatəvət,geRAtevet,geRAtevet | geRUtevet,the unpointed א: geRAtevet (a as in 'father') or geRUtevet (u as in 'put')? — or an o (o as in 'law')?,
212,ווארים,130,alef-default,alef-vowel,alef-default,vˈarim,VArim,VArim | VUrim,the unpointed א: VArim (a as in 'father') or VUrim (u as in 'put')? — or an o (o as in 'law')?,
213,פינקטלעך,130,pe-default,pe-default,pe-default,fˈinktləx,FInktlekh,FInktlekh | PInktlekh,the פ: f (FInktlekh) or p (PInktlekh)?,
214,פרויען,130,pe-default,pe-default,pe-default,frˈɔjən,FROYEn,FROYEn | PROYEn,the פ: f (FROYEn) or p (PROYEn)?,
215,תיקון,130,oov-lk,oov-lk,lk-fallback,sˈikin,SIkin,SIkin | sikin,our guess: SIkin — or sikin? How do you say it?,
216,כאילו,129,alef-default,alef-vowel,alef-default,xˈaːli,KHAli,KHAli | KHUYli,the unpointed א: KHAli (a as in 'father') or KHUYli (u as in 'put')? — or an o (o as in 'law')?,
217,אונטן,127,alef-default,alef-silent,alef-default,intn,intn,,we say **intn** — right?,
218,אפן,127,alef-default,alef-vowel+pe-default,"alef-default,pe-default",afn,afn,afn | ufn | apn,the unpointed א: afn (a as in 'father') or ufn (u as in 'put')? — or an o (o as in 'law')? the פ: f (afn) or p (apn)?,
219,פארקויפט,127,alef-default,alef-vowel+pe-default,"alef-default,pe-default",farkˈɔjft,faRKOYft,faRKOYft | FUrkoyft | PArkoypt,the unpointed א: faRKOYft (a as in 'father') or FUrkoyft (u as in 'put')? — or an o (o as in 'law')? the פ: f (faRKOYft) or p (PArkoypt)?,
220,רפואה,127,alef-default,alef-vowel+pe-default,"alef-default,pe-default",rfˈia,RFIA,RFIA | RPIA,"the unpointed א — a, u or o? the פ: f (RFIA) or p (RPIA)?",
221,אייבערשטנס,126,alef-default,alef-silent,"alef-default,vowel-ratio",ˈajbərʃtns,AYbershtns,,we say **AYbershtns** — right?,
222,חוזק,126,oov-lk,oov-lk,lk-fallback,xizk,khizk,khizk | khizek,our guess: khizk — or khizek? How do you say it?,
223,מאריך,126,alef-default,alef-vowel,alef-default,mˈarix,MArikh,MArikh | MUrikh,the unpointed א: MArikh (a as in 'father') or MUrikh (u as in 'put')? — or an o (o as in 'law')?,
224,ראפשיצער,126,alef-default,alef-vowel+pe-default,"alef-default,pe-default",rˈafʃiʦər,RAfshitser,RAfshitser | RUfshitser | RApshitser,the unpointed א: RAfshitser (a as in 'father') or RUfshitser (u as in 'put')? — or an o (o as in 'law')? the פ: f (RAfshitser) or p (RApshitser)?,
225,אויכעט,125,alef-default,alef-silent,alef-default,ˈɔjxət,OYkhet,,we say **OYkhet** — right?,
226,באהאלטן,125,alef-default,alef-vowel,alef-default,bahˈaltn,baHAltn,baHAltn | BUhultn,the unpointed א: baHAltn (a as in 'father') or BUhultn (u as in 'put')? — or an o (o as in 'law')?,
227,אלזא,124,alef-default,alef-vowel+alef-final,alef-default,ˈalza,Alza,Alza | Ulza | alze | alza | alzu | alz,"the unpointed א: Alza (a as in 'father') or Ulza (u as in 'put')? — or an o (o as in 'law')? the א at the end: alze (…-e), alza (…-a), alzu (…-u) — or silent (alz)?",
228,טאכטער,124,alef-default,alef-vowel,alef-default,tˈaxtər,TAkhter,TAkhter | TUkhter,the unpointed א: TAkhter (a as in 'father') or TUkhter (u as in 'put')? — or an o (o as in 'law')?,
229,שטארבן,124,alef-default,alef-vowel,alef-default,ʃtarbn,shtarbn,shtarbn | shturbn,the unpointed א: shtarbn (a as in 'father') or shturbn (u as in 'put')? — or an o (o as in 'law')?,
230,בורא,123,alef-default,alef-final,alef-default,bˈira,BIra,bire | bira | biru | bir,"the א at the end: bire (…-e), bira (…-a), biru (…-u) — or silent (bir)?",
231,פריילעך,123,pe-default,pe-default,pe-default,frˈajləx,FRAYlekh,FRAYlekh | PRAYlekh,the פ: f (FRAYlekh) or p (PRAYlekh)?,
232,אמן,122,alef-default,alef-vowel,alef-default,amn,amn,amn | umn,the unpointed א: amn (a as in 'father') or umn (u as in 'put')? — or an o (o as in 'law')?,
233,ארויסגעגעבן,122,alef-default,alef-vowel,alef-default,arˈoʊzɡəɡəbn,aROUzgegebn,aROUzgegebn | Uroyzgegebn,the unpointed א: aROUzgegebn (a as in 'father') or Uroyzgegebn (u as in 'put')? — or an o (o as in 'law')?,
234,אריינגעלייגט,122,alef-default,alef-vowel,alef-default,arˈaːnɡəlajɡt,aRAngelaygt,aRAngelaygt | Urayngelaygt,the unpointed א: aRAngelaygt (a as in 'father') or Urayngelaygt (u as in 'put')? — or an o (o as in 'law')?,
235,זלמן,122,oov-lk,oov-lk,lk-fallback,zlmn,zlmn,zlmn | zelemen,our guess: zlmn — or zelemen? How do you say it?,
236,מילא,122,alef-default,alef-final,alef-default,mˈila,MIla,mile | mila | milu | mil,"the א at the end: mile (…-e), mila (…-a), milu (…-u) — or silent (mil)?",
237,אלקינו,121,alef-default,alef-vowel,alef-default,ˈalkini,Alkini,Alkini | Ulkini,the unpointed א: Alkini (a as in 'father') or Ulkini (u as in 'put')? — or an o (o as in 'law')?,
238,געפונען,121,pe-default,pe-default,pe-default,ɡəfˈinən,geFInen,geFInen | gePInen,the פ: f (geFInen) or p (gePInen)?,
239,געשטארבן,121,alef-default,alef-vowel,alef-default,ɡəʃtˈarbn,geSHTArbn,geSHTArbn | geSHTUrbn,the unpointed א: geSHTArbn (a as in 'father') or geSHTUrbn (u as in 'put')? — or an o (o as in 'law')?,
240,חסידות,121,oov-lk,oov-lk,lk-fallback,xˈusidis,KHUsidis,KHUsidis | khusidis,our guess: KHUsidis — or khusidis? How do you say it?,
241,מכל,121,oov-lk,oov-lk,lk-fallback,mxl,mkhl,mkhl | mekhel,our guess: mkhl — or mekhel? How do you say it?,
242,טומאה,120,alef-default,alef-vowel,alef-default,tˈima,TIma,,"the unpointed א — a, u or o?",
243,מוצאי,120,alef-default,alef-vowel,alef-default,mˈiʦaː,MItsa,MItsa | MItsuy,the unpointed א: MItsa (a as in 'father') or MItsuy (u as in 'put')? — or an o (o as in 'law')?,
244,מרמז,120,oov-lk,oov-lk,lk-fallback,mrmz,mrmz,mrmz | meremez,our guess: mrmz — or meremez? How do you say it?,
245,נשמות,120,oov-lk,oov-lk,lk-fallback,nʃmis,nshmis,nshmis | neshemis,our guess: nshmis — or neshemis? How do you say it?,
246,פלא,119,alef-default,alef-final+pe-default,"alef-default,pe-default",fla,fla,fle | fla | flu | pla,"the א at the end: fle (…-e), fla (…-a), flu (…-u) — or silent (fla)? the פ: f (fla) or p (pla)?",
247,פלעצער,119,pe-default,pe-default,pe-default,flˈɛʦər,FLEtser,FLEtser | PLEtser,the פ: f (FLEtser) or p (PLEtser)?,
248,איידעם,118,alef-default,alef-silent,alef-default,ˈajdəm,AYdem,,we say **AYdem** — right?,
249,אלקיך,118,alef-default,alef-vowel,alef-default,ˈalkix,Alkikh,Alkikh | Ulkikh,the unpointed א: Alkikh (a as in 'father') or Ulkikh (u as in 'put')? — or an o (o as in 'law')?,
250,געפירט,118,pe-default,pe-default,pe-default,ɡəfˈirt,geFIrt,geFIrt | gePIrt,the פ: f (geFIrt) or p (gePIrt)?,
251,הא,118,alef-default,alef-final,alef-default,ha,ha,he | ha | hu,"the א at the end: he (…-e), ha (…-a), hu (…-u) — or silent (ha)?",
252,מא,118,alef-default,alef-final,alef-default,ma,ma,me | ma | mu,"the א at the end: me (…-e), ma (…-a), mu (…-u) — or silent (ma)?",
253,פינקט,118,pe-default,pe-default,pe-default,finkt,finkt,finkt | pinkt,the פ: f (finkt) or p (pinkt)?,
254,פלעגן,117,pe-default,pe-default,pe-default,flɛɡn,flegn,flegn | plegn,the פ: f (flegn) or p (plegn)?,
255,אלא,116,alef-default,alef-vowel+alef-final,alef-default,ˈala,Ala,Ala | Ula | ale | ala | alu | al,"the unpointed א: Ala (a as in 'father') or Ula (u as in 'put')? — or an o (o as in 'law')? the א at the end: ale (…-e), ala (…-a), alu (…-u) — or silent (al)?",
256,געהאלפן,116,alef-default,alef-vowel+pe-default,"alef-default,pe-default",ɡəhˈalfn,geHAlfn,geHAlfn | geHUlfn | geHAlpn,the unpointed א: geHAlfn (a as in 'father') or geHUlfn (u as in 'put')? — or an o (o as in 'law')? the פ: f (geHAlfn) or p (geHAlpn)?,
257,זאלסטו,116,alef-default,alef-vowel,alef-default,zˈalsti,ZAlsti,ZAlsti | ZUlsti,the unpointed א: ZAlsti (a as in 'father') or ZUlsti (u as in 'put')? — or an o (o as in 'law')?,
258,טאנצן,116,alef-default,alef-vowel,alef-default,tanʦn,tantsn,tantsn | tuntsn,the unpointed א: tantsn (a as in 'father') or tuntsn (u as in 'put')? — or an o (o as in 'law')?,
259,פריערדיגע,116,pe-default,pe-default,pe-default,frˈiərdiɡə,FRIErdige,FRIErdige | PRIErdige,the פ: f (FRIErdige) or p (PRIErdige)?,
260,שאלות,115,oov-lk,alef-vowel+oov-lk,"alef-default,lk-fallback",ʃˈalis,SHAlis,SHAlis | SHUlis | shalis,the unpointed א: SHAlis (a as in 'father') or SHUlis (u as in 'put')? — or an o (o as in 'law')? our guess: SHAlis — or shalis? How do you say it?,
261,אלט,114,alef-default,alef-vowel,alef-default,alt,alt,alt | ult,the unpointed א: alt (a as in 'father') or ult (u as in 'put')? — or an o (o as in 'law')?,
262,אמור,114,alef-default,alef-vowel,alef-default,amˈir,aMIr,aMIr | uMIr,the unpointed א: aMIr (a as in 'father') or uMIr (u as in 'put')? — or an o (o as in 'law')?,
263,ארויסגיין,114,alef-default,alef-vowel,alef-default,arˈoʊzɡajn,aROUzgayn,aROUzgayn | Uroyzgayn,the unpointed א: aROUzgayn (a as in 'father') or Uroyzgayn (u as in 'put')? — or an o (o as in 'law')?,
264,פערד,114,pe-default,pe-default,pe-default,fɛrd,ferd,ferd | perd,the פ: f (ferd) or p (perd)?,
265,שלח,114,oov-lk,oov-lk,lk-fallback,ʃlx,shlkh,shlkh | shelekh,our guess: shlkh — or shelekh? How do you say it?,
266,געלאזט,113,alef-default,alef-vowel,alef-default,ɡəlˈazt,geLAzt,geLAzt | geLUzt,the unpointed א: geLAzt (a as in 'father') or geLUzt (u as in 'put')? — or an o (o as in 'law')?,
267,דאקטער,113,alef-default,alef-vowel,alef-default,dˈaktər,DAkter,DAkter | DUkter,the unpointed א: DAkter (a as in 'father') or DUkter (u as in 'put')? — or an o (o as in 'law')?,
268,קרח,113,oov-lk,oov-lk,lk-fallback,krx,krkh,krkh | kerekh,our guess: krkh — or kerekh? How do you say it?,
269,צוועלף,112,pe-default,pe-default,pe-default,ʦvɛlf,tsvelf,,the פ/ף — f or p?,
270,תהילים,112,oov-lk,oov-lk,lk-fallback,shˈilim,SHIlim,SHIlim | shilim,our guess: SHIlim — or shilim? How do you say it?,
271,פאלט,111,alef-default,alef-vowel+pe-default,"alef-default,pe-default",falt,falt,falt | fult | palt,the unpointed א: falt (a as in 'father') or fult (u as in 'put')? — or an o (o as in 'law')? the פ: f (falt) or p (palt)?,
272,כאפן,110,alef-default,alef-vowel+pe-default,"alef-default,pe-default",xafn,khafn,khafn | khufn | khapn,the unpointed א: khafn (a as in 'father') or khufn (u as in 'put')? — or an o (o as in 'law')? the פ: f (khafn) or p (khapn)?,
273,פאלק,110,alef-default,alef-vowel+pe-default,"alef-default,pe-default",falk,falk,falk | fulk | palk,the unpointed א: falk (a as in 'father') or fulk (u as in 'put')? — or an o (o as in 'law')? the פ: f (falk) or p (palk)?,
274,קאזשניצער,110,alef-default,alef-vowel,alef-default,kˈaʒniʦər,KAzhnitser,KAzhnitser | KUzhnitser,the unpointed א: KAzhnitser (a as in 'father') or KUzhnitser (u as in 'put')? — or an o (o as in 'law')?,
275,אינגל,109,alef-default,alef-silent,alef-default,inɡl,ingl,,we say **ingl** — right?,
276,אנכי,109,alef-default,alef-vowel,alef-default,ˈanxi,Ankhi,Ankhi | Unkhi,the unpointed א: Ankhi (a as in 'father') or Unkhi (u as in 'put')? — or an o (o as in 'law')?,
277,אריה,109,alef-default,alef-vowel,alef-default,ˈari,Ari,Ari | Uri,the unpointed א: Ari (a as in 'father') or Uri (u as in 'put')? — or an o (o as in 'law')?,
278,באצאלן,109,alef-default,alef-vowel,alef-default,baʦˈaln,baTSAln,baTSAln | BUtsuln,the unpointed א: baTSAln (a as in 'father') or BUtsuln (u as in 'put')? — or an o (o as in 'law')?,
279,תפילות,109,oov-lk,pe-default+oov-lk,"lk-fallback,pe-default",sfˈilis,SFIlis,SFIlis | SPIlis | sefilis,the פ: f (SFIlis) or p (SPIlis)? our guess: SFIlis — or sefilis? How do you say it?,
280,אריינגעגאנגען,108,alef-default,alef-vowel,alef-default,arˈaːnɡəɡanɡən,aRAngegangen,aRAngegangen | Urayngegungen,the unpointed א: aRAngegangen (a as in 'father') or Urayngegungen (u as in 'put')? — or an o (o as in 'law')?,
281,ויקרא,108,alef-default,alef-final,alef-default,ˈɔjkra,OYkra,oykre | oykra | oykru | oykr,"the א at the end: oykre (…-e), oykra (…-a), oykru (…-u) — or silent (oykr)?",
282,חידושים,108,oov-lk,oov-lk,lk-fallback,xˈidiʃim,KHIdishim,KHIdishim | khidishim,our guess: KHIdishim — or khidishim? How do you say it?,
283,לפני,108,pe-default,pe-default,pe-default,lfni,lfni,lfni | lpni,the פ: f (lfni) or p (lpni)?,
284,פאטער,108,alef-default,alef-vowel+pe-default,"alef-default,pe-default",fˈatər,FAter,FAter | FUter | PAter,the unpointed א: FAter (a as in 'father') or FUter (u as in 'put')? — or an o (o as in 'law')? the פ: f (FAter) or p (PAter)?,
285,פארלוירן,108,alef-default,alef-vowel+pe-default,"alef-default,pe-default",farlˈɔjrn,faRLOYrn,faRLOYrn | FUrloyrn | PArloyrn,the unpointed א: faRLOYrn (a as in 'father') or FUrloyrn (u as in 'put')? — or an o (o as in 'law')? the פ: f (faRLOYrn) or p (PArloyrn)?,
286,דערמאנט,107,alef-default,alef-vowel,alef-default,dərmˈant,deRMAnt,deRMAnt | deRMUnt,the unpointed א: deRMAnt (a as in 'father') or deRMUnt (u as in 'put')? — or an o (o as in 'law')?,
287,מאטעלע,107,alef-default,alef-vowel,alef-default,mˈatələ,MAtele,MAtele | MUtele,the unpointed א: MAtele (a as in 'father') or MUtele (u as in 'put')? — or an o (o as in 'law')?,
288,פשוטער,107,pe-default,pe-default,pe-default,fʃˈitər,FSHIter,FSHIter | PSHIter,the פ: f (FSHIter) or p (PSHIter)?,
289,אויג,106,alef-default,alef-silent,alef-default,ɔjɡ,oyg,,we say **oyg** — right?,
290,השבת,106,oov-lk,oov-lk,lk-fallback,hʃˈabəs,HSHAbes,HSHAbes | heshabes,our guess: HSHAbes — or heshabes? How do you say it?,
291,טרעפט,106,pe-default,pe-default,pe-default,trɛft,treft,treft | trept,the פ: f (treft) or p (trept)?,
292,סוגיא,106,alef-default,alef-final,alef-default,sˈiɡia,SIgia,SIgie | SIgia | SIgiu | SIgi,"the א at the end: SIgie (…-e), SIgia (…-a), SIgiu (…-u) — or silent (SIgi)?",
293,פאם,106,alef-default,alef-vowel+pe-default,"alef-default,pe-default",fam,fam,fam | fum | pam,the unpointed א: fam (a as in 'father') or fum (u as in 'put')? — or an o (o as in 'law')? the פ: f (fam) or p (pam)?,
294,אנדערן,105,alef-default,alef-vowel,alef-default,ˈandərn,Andern,Andern | Undern,the unpointed א: Andern (a as in 'father') or Undern (u as in 'put')? — or an o (o as in 'law')?,
295,ספירה,105,pe-default,pe-default,pe-default,sfˈirə,SFIre,SFIre | SPIre,the פ: f (SFIre) or p (SPIre)?,
296,אכטונג,104,alef-default,alef-vowel,alef-default,ˈaxtinɡ,Akhting,Akhting | Ukhting,the unpointed א: Akhting (a as in 'father') or Ukhting (u as in 'put')? — or an o (o as in 'law')?,
297,אפרים,104,alef-default,alef-vowel+pe-default,"alef-default,pe-default",ˈafrim,Afrim,Afrim | Ufrim | Aprim,the unpointed א: Afrim (a as in 'father') or Ufrim (u as in 'put')? — or an o (o as in 'law')? the פ: f (Afrim) or p (Aprim)?,
298,געשמאק,104,alef-default,alef-vowel,alef-default,ɡəʃmˈak,geSHMAk,geSHMAk | geSHMUk,the unpointed א: geSHMAk (a as in 'father') or geSHMUk (u as in 'put')? — or an o (o as in 'law')?,
299,דאנערשטאג,104,alef-default,alef-vowel,alef-default,dˈanərʃtaɡ,DAnershtag,DAnershtag | DUnershtug,the unpointed א: DAnershtag (a as in 'father') or DUnershtug (u as in 'put')? — or an o (o as in 'law')?,
300,פני,104,pe-default,pe-default,pe-default,fni,fni,fni | pni,the פ: f (fni) or p (pni)?,
301,געדאווענט,103,alef-default,alef-vowel,alef-default,ɡədavˈɛnt,gedaVEnt,gedaVEnt | geduVEnt,the unpointed א: gedaVEnt (a as in 'father') or geduVEnt (u as in 'put')? — or an o (o as in 'law')?,
302,פא,103,alef-default,alef-final+pe-default,"alef-default,pe-default",fa,fa,fe | fa | fu | pa,"the א at the end: fe (…-e), fa (…-a), fu (…-u) — or silent (fa)? the פ: f (fa) or p (pa)?",
303,אייזל,102,alef-default,alef-silent,alef-default,ajzl,ayzl,,we say **ayzl** — right?,
304,אפטער,102,alef-default,alef-vowel+pe-default,"alef-default,pe-default",ˈaftər,After,After | Ufter | Apter,the unpointed א: After (a as in 'father') or Ufter (u as in 'put')? — or an o (o as in 'law')? the פ: f (After) or p (Apter)?,
305,דאווענט,102,alef-default,alef-vowel,alef-default,davˈɛnt,daVEnt,daVEnt | duVEnt,the unpointed א: daVEnt (a as in 'father') or duVEnt (u as in 'put')? — or an o (o as in 'law')?,
306,דאנקען,102,alef-default,alef-vowel,alef-default,dˈankən,DAnken,DAnken | DUnken,the unpointed א: DAnken (a as in 'father') or DUnken (u as in 'put')? — or an o (o as in 'law')?,
307,הילף,102,pe-default,pe-default,pe-default,hilf,hilf,,the פ/ף — f or p?,
308,משפיע,102,pe-default,pe-default,pe-default,mʃpˈiə,MSHPIE,MSHFIE | MSHPIE,the פ: f (MSHFIE) or p (MSHPIE)?,
309,אך,101,alef-default,alef-vowel,alef-default,ax,akh,akh | ukh,the unpointed א: akh (a as in 'father') or ukh (u as in 'put')? — or an o (o as in 'law')?,
310,אצינד,101,alef-default,alef-vowel,alef-default,aʦˈind,aTSInd,aTSInd | Utsind,the unpointed א: aTSInd (a as in 'father') or Utsind (u as in 'put')? — or an o (o as in 'law')?,
311,גאסט,101,alef-default,alef-vowel,alef-default,ɡast,gast,gast | gust,the unpointed א: gast (a as in 'father') or gust (u as in 'put')? — or an o (o as in 'law')?,
312,דערמאנען,101,alef-default,alef-vowel,alef-default,dərmˈanən,deRMAnen,deRMAnen | deRMUnen,the unpointed א: deRMAnen (a as in 'father') or deRMUnen (u as in 'put')? — or an o (o as in 'law')?,
313,פארשטיי,101,alef-default,alef-vowel+pe-default,"alef-default,pe-default",farʃtˈaj,faRSHTAY,faRSHTAY | FUrshtay | PArshtay,the unpointed א: faRSHTAY (a as in 'father') or FUrshtay (u as in 'put')? — or an o (o as in 'law')? the פ: f (faRSHTAY) or p (PArshtay)?,
314,גאלדמאן,100,alef-default,alef-vowel,alef-default,ɡˈaldman,GAldman,GAldman | GUldmun,the unpointed א: GAldman (a as in 'father') or GUldmun (u as in 'put')? — or an o (o as in 'law')?,
315,גשמיות,100,oov-lk,oov-lk,lk-fallback,ɡʃmjis,gshmyis,gshmyis | geshemyis,our guess: gshmyis — or geshemyis? How do you say it?,
316,העלפט,100,pe-default,pe-default,pe-default,hɛlft,helft,helft | helpt,the פ: f (helft) or p (helpt)?,
317,חיי,100,oov-lk,oov-lk,lk-fallback,xaj,khay,khay,our guess: khay? How do you say it?,
318,ראשונים,100,alef-default,alef-vowel,alef-default,rˈaʃinim,RAshinim,RAshinim | RUshinim,the unpointed א: RAshinim (a as in 'father') or RUshinim (u as in 'put')? — or an o (o as in 'law')?,
319,אלוקינו,99,alef-default,alef-vowel,alef-default,ˈalikini,Alikini,Alikini | Ulikini,the unpointed א: Alikini (a as in 'father') or Ulikini (u as in 'put')? — or an o (o as in 'law')?,
320,בארדיטשעווער,99,alef-default,alef-vowel,alef-default,bardˈiʧəvər,baRDItshever,baRDItshever | BUrditshever,the unpointed א: baRDItshever (a as in 'father') or BUrditshever (u as in 'put')? — or an o (o as in 'law')?,
321,בהמות,99,oov-lk,oov-lk,lk-fallback,bhmis,bhmis,bhmis | behemis,our guess: bhmis — or behemis? How do you say it?,
322,ופלא,97,alef-default,alef-final+pe-default,"alef-default,pe-default",ˈifla,Ifla,ifle | ifla | iflu | ifl | Ifla | Ipla,"the א at the end: ifle (…-e), ifla (…-a), iflu (…-u) — or silent (ifl)? the פ: f (Ifla) or p (Ipla)?",
323,מאור,97,alef-default,alef-vowel,alef-default,mir,mir,MAIr | MUIr,the unpointed א: MAIr (a as in 'father') or MUIr (u as in 'put')? — or an o (o as in 'law')?,
324,אשרי,96,alef-default,alef-vowel,alef-default,ˈaʃri,Ashri,Ashri | Ushri,the unpointed א: Ashri (a as in 'father') or Ushri (u as in 'put')? — or an o (o as in 'law')?,
325,געענטפערט,96,pe-default,pe-default,pe-default,ɡˈejntfərt,GEYntfert,GEYntfert | GEYntpert,the פ: f (GEYntfert) or p (GEYntpert)?,
326,וואגן,96,alef-default,alef-vowel,alef-default,vaɡn,vagn,vagn | vugn,the unpointed א: vagn (a as in 'father') or vugn (u as in 'put')? — or an o (o as in 'law')?,
327,סקווירא,96,alef-default,alef-final,alef-default,skvˈira,SKVIra,skvire | skvira | skviru | skvir,"the א at the end: skvire (…-e), skvira (…-a), skviru (…-u) — or silent (skvir)?",
328,שינאווער,96,alef-default,alef-vowel,alef-default,ʃˈinavər,SHInaver,SHInaver | SHInuver,the unpointed א: SHInaver (a as in 'father') or SHInuver (u as in 'put')? — or an o (o as in 'law')?,
329,טענות,95,oov-lk,oov-lk,lk-fallback,tˈɛnis,TEnis,TEnis | tenis,our guess: TEnis — or tenis? How do you say it?,
330,רואיג,95,alef-default,alef-vowel,alef-default,rˈiaːɡ,RIAg,RIAg | RIUYg,the unpointed א: RIAg (a as in 'father') or RIUYg (u as in 'put')? — or an o (o as in 'law')?,
331,אייביק,94,alef-default,alef-silent,alef-default,ˈajbik,AYbik,,we say **AYbik** — right?,
332,אש,94,alef-default,alef-vowel,alef-default,aʃ,ash,ash | ush,the unpointed א: ash (a as in 'father') or ush (u as in 'put')? — or an o (o as in 'law')?,
333,מוח,94,oov-lk,oov-lk,lk-fallback,mix,mikh,mikh,our guess: mikh? How do you say it?,
334,אויסגערעכנט,93,alef-default,alef-silent,alef-default,ˈoʊzɡərəxnt,OUzgerekhnt,,we say **OUzgerekhnt** — right?,
335,אויסלייזן,93,alef-default,alef-silent,alef-default,ˈoʊslajzn,OUslayzn,,we say **OUslayzn** — right?,
336,אנטקעגן,93,alef-default,alef-vowel,alef-default,ˈantkəɡn,Antkegn,Antkegn | Untkegn,the unpointed א: Antkegn (a as in 'father') or Untkegn (u as in 'put')? — or an o (o as in 'law')?,
337,ביינאכט,93,alef-default,alef-vowel,alef-default,bˈajnaxt,BAYnakht,BAYnakht | BAYnukht,the unpointed א: BAYnakht (a as in 'father') or BAYnukht (u as in 'put')? — or an o (o as in 'law')?,
338,פֿינף,93,pe-default,pe-default,pe-default,finf,finf,,the פ/ף — f or p?,
339,צעבראכן,93,alef-default,alef-vowel,alef-default,ʦəbrˈaxn,tseBRAkhn,tseBRAkhn | tseBRUkhn,the unpointed א: tseBRAkhn (a as in 'father') or tseBRUkhn (u as in 'put')? — or an o (o as in 'law')?,
340,ראיה,93,alef-default,alef-vowel,alef-default,rˈaːə,RAE,RAE | RUYE,the unpointed א: RAE (a as in 'father') or RUYE (u as in 'put')? — or an o (o as in 'law')?,
341,אבי,92,alef-default,alef-vowel,alef-default,ˈabi,Abi,Abi | Ubi,the unpointed א: Abi (a as in 'father') or Ubi (u as in 'put')? — or an o (o as in 'law')?,
342,באלד,92,alef-default,alef-vowel,alef-default,bald,bald,bald | buld,the unpointed א: bald (a as in 'father') or buld (u as in 'put')? — or an o (o as in 'law')?,
343,ויאמר,91,alef-default,alef-vowel,alef-default,ˈɔjamr,OYAmr,OYAmr | OYUmr,the unpointed א: OYAmr (a as in 'father') or OYUmr (u as in 'put')? — or an o (o as in 'law')?,
344,פילן,91,pe-default,pe-default,pe-default,filn,filn,filn | piln,the פ: f (filn) or p (piln)?,
345,אינז,90,alef-default,alef-silent,alef-default,inz,inz,,we say **inz** — right?,
346,געווארט,90,alef-default,alef-vowel,alef-default,ɡəvˈart,geVArt,geVArt | geVUrt,the unpointed א: geVArt (a as in 'father') or geVUrt (u as in 'put')? — or an o (o as in 'law')?,
347,געלאפן,90,alef-default,alef-vowel+pe-default,"alef-default,pe-default",ɡəlˈafn,geLAfn,geLAfn | geLUfn | geLApn,the unpointed א: geLAfn (a as in 'father') or geLUfn (u as in 'put')? — or an o (o as in 'law')? the פ: f (geLAfn) or p (geLApn)?,
348,הפלא,90,alef-default,alef-final+pe-default,"alef-default,pe-default",hfla,hfla,hfle | hfla | hflu | hpla,"the א at the end: hfle (…-e), hfla (…-a), hflu (…-u) — or silent (hfla)? the פ: f (hfla) or p (hpla)?",
349,מאה,90,alef-default,alef-vowel,alef-default,ma,ma,,"the unpointed א — a, u or o?",
350,אבן,89,alef-default,alef-vowel,alef-default,abn,abn,abn | ubn,the unpointed א: abn (a as in 'father') or ubn (u as in 'put')? — or an o (o as in 'law')?,
351,אפענע,89,alef-default,alef-vowel+pe-default,"alef-default,pe-default",ˈafənə,Afene,Afene | Ufene | Apene,the unpointed א: Afene (a as in 'father') or Ufene (u as in 'put')? — or an o (o as in 'law')? the פ: f (Afene) or p (Apene)?,
352,זושא,89,alef-default,alef-final,alef-default,zˈiʃa,ZIsha,zishe | zisha | zishu | zish,"the א at the end: zishe (…-e), zisha (…-a), zishu (…-u) — or silent (zish)?",
353,פוילן,89,pe-default,pe-default,pe-default,fɔjln,foyln,foyln | poyln,the פ: f (foyln) or p (poyln)?,
354,אודער,88,alef-default,alef-silent,alef-default,ˈidər,Ider,,we say **Ider** — right?,
355,איינציקע,88,alef-default,alef-silent,alef-default,ˈajnʦikə,AYntsike,,we say **AYntsike** — right?,
356,אלי,88,alef-default,alef-vowel,alef-default,ˈali,Ali,Ali | Uli,the unpointed א: Ali (a as in 'father') or Uli (u as in 'put')? — or an o (o as in 'law')?,
357,פארקויפן,88,alef-default,alef-vowel+pe-default,"alef-default,pe-default",farkˈɔjfn,faRKOYfn,faRKOYfn | FUrkoyfn | PArkoypn,the unpointed א: faRKOYfn (a as in 'father') or FUrkoyfn (u as in 'put')? — or an o (o as in 'law')? the פ: f (faRKOYfn) or p (PArkoypn)?,
358,שפראך,88,alef-default,alef-vowel+pe-default,"alef-default,pe-default",ʃprax,shprakh,shprakh | shprukh | shfrakh,the unpointed א: shprakh (a as in 'father') or shprukh (u as in 'put')? — or an o (o as in 'law')? the פ: f (shfrakh) or p (shprakh)?,
359,איבערגעדרייט,87,alef-default,alef-silent,alef-default,ˈibərɡədrajt,Ibergedrayt,,we say **Ibergedrayt** — right?,
360,באגראבן,87,alef-default,alef-vowel,alef-default,baɡrˈabn,baGRAbn,baGRAbn | BUgrubn,the unpointed א: baGRAbn (a as in 'father') or BUgrubn (u as in 'put')? — or an o (o as in 'law')?,
361,געשעפט,87,pe-default,pe-default,pe-default,ɡəʃˈɛft,geSHEft,geSHEft | geSHEpt,the פ: f (geSHEft) or p (geSHEpt)?,
362,פארדעם,87,alef-default,alef-vowel+pe-default,"alef-default,pe-default",fardˈɛm,faRDEm,faRDEm | FUrdem | PArdem,the unpointed א: faRDEm (a as in 'father') or FUrdem (u as in 'put')? — or an o (o as in 'law')? the פ: f (faRDEm) or p (PArdem)?,
363,אומזיסט,86,alef-default,alef-silent,alef-default,imzˈist,iMZIst,,we say **iMZIst** — right?,
364,ארויסגעגאנגען,86,alef-default,alef-vowel,alef-default,arˈoʊzɡəɡanɡən,aROUzgegangen,aROUzgegangen | Uroyzgegungen,the unpointed א: aROUzgegangen (a as in 'father') or Uroyzgegungen (u as in 'put')? — or an o (o as in 'law')?,
365,מאוד,86,alef-default,alef-vowel,alef-default,mid,mid,MAId | MUId,the unpointed א: MAId (a as in 'father') or MUId (u as in 'put')? — or an o (o as in 'law')?,
366,פארברענט,86,alef-default,alef-vowel+pe-default,"alef-default,pe-default",farbrˈɛnt,faRBREnt,faRBREnt | fuRBREnt | paRBREnt,the unpointed א: faRBREnt (a as in 'father') or fuRBREnt (u as in 'put')? — or an o (o as in 'law')? the פ: f (faRBREnt) or p (paRBREnt)?,
367,פוסק,86,pe-default,pe-default,pe-default,fisk,fisk,fisk | pisk,the פ: f (fisk) or p (pisk)?,
368,פערציק,86,pe-default,pe-default,pe-default,fˈɛrʦik,FErtsik,FErtsik | PErtsik,the פ: f (FErtsik) or p (PErtsik)?,
369,שמש,86,oov-lk,oov-lk,lk-fallback,ʃmʃ,shmsh,shmsh | shemesh,our guess: shmsh — or shemesh? How do you say it?,
370,אייר,85,alef-default,alef-silent,alef-default,ajr,ayr,,we say **ayr** — right?,
371,בעת,85,oov-lk,oov-lk,lk-fallback,bɛs,bes,bes,our guess: bes? How do you say it?,
372,דשמיא,85,alef-default,alef-final,alef-default,dʃmˈia,DSHMIA,dshmie | dshmia | dshmiu | dshmi,"the א at the end: dshmie (…-e), dshmia (…-a), dshmiu (…-u) — or silent (dshmi)?",
373,געעפנט,84,pe-default,pe-default,pe-default,ɡejfnt,geyfnt,geyfnt | geypnt,the פ: f (geyfnt) or p (geypnt)?,
374,געקויפט,84,pe-default,pe-default,pe-default,ɡəkˈɔjft,geKOYft,geKOYft | geKOYpt,the פ: f (geKOYft) or p (geKOYpt)?,
375,גראמען,84,alef-default,alef-vowel,alef-default,ɡrˈamən,GRAmen,GRAmen | GRUmen,the unpointed א: GRAmen (a as in 'father') or GRUmen (u as in 'put')? — or an o (o as in 'law')?,
376,ירא,84,alef-default,alef-final,alef-default,ˈira,Ira,ire | ira | iru | ir,"the א at the end: ire (…-e), ira (…-a), iru (…-u) — or silent (ir)?",
377,לאו,84,alef-default,alef-vowel,alef-default,li,li,LAI | LUI,the unpointed א: LAI (a as in 'father') or LUI (u as in 'put')? — or an o (o as in 'law')?,
378,אהבה,83,alef-default,alef-vowel,alef-default,ˈabə,Abe,Abe | Ube,the unpointed א: Abe (a as in 'father') or Ube (u as in 'put')? — or an o (o as in 'law')?,
379,אויסגעזען,83,alef-default,alef-silent,alef-default,ˈoʊzɡəzən,OUzgezen,,we say **OUzgezen** — right?,
380,אי,83,alef-default,alef-silent,"alef-default,vowel-ratio",j,y,,we say **y** — right?,
381,אלטן,83,alef-default,alef-vowel,alef-default,altn,altn,altn | ultn,the unpointed א: altn (a as in 'father') or ultn (u as in 'put')? — or an o (o as in 'law')?,
382,ארויפלייגן,83,alef-default,alef-vowel+pe-default,"alef-default,pe-default",arˈoʊflajɡn,aROUflaygn,aROUflaygn | Uroyflaygn | Aroyplaygn,the unpointed א: aROUflaygn (a as in 'father') or Uroyflaygn (u as in 'put')? — or an o (o as in 'law')? the פ: f (aROUflaygn) or p (Aroyplaygn)?,
383,ווארעמע,83,alef-default,alef-vowel,alef-default,vˈarəmə,VAreme,VAreme | VUreme,the unpointed א: VAreme (a as in 'father') or VUreme (u as in 'put')? — or an o (o as in 'law')?,
384,ענטפערן,83,pe-default,pe-default,pe-default,ˈɛntfərn,Entfern,Entfern | Entpern,the פ: f (Entfern) or p (Entpern)?,
385,ראובן,83,alef-default,alef-vowel,alef-default,ribn,ribn,RAIbn | RUIbn,the unpointed א: RAIbn (a as in 'father') or RUIbn (u as in 'put')? — or an o (o as in 'law')?,
386,שטראף,83,alef-default,alef-vowel+pe-default,"alef-default,pe-default",ʃtraf,shtraf,shtraf | shtruf,the unpointed א: shtraf (a as in 'father') or shtruf (u as in 'put')? — or an o (o as in 'law')? the פ/ף — f or p?,
387,אומר,82,alef-default,alef-silent,alef-default,imr,imr,,we say **imr** — right?,
388,אנטשולדיגט,82,alef-default,alef-vowel,alef-default,ˈanʧildiɡt,Antshildigt,Antshildigt | Untshildigt,the unpointed א: Antshildigt (a as in 'father') or Untshildigt (u as in 'put')? — or an o (o as in 'law')?,
389,טאר,82,alef-default,alef-vowel,alef-default,tar,tar,tar | tur,the unpointed א: tar (a as in 'father') or tur (u as in 'put')? — or an o (o as in 'law')?,
390,קאלט,82,alef-default,alef-vowel,alef-default,kalt,kalt,kalt | kult,the unpointed א: kalt (a as in 'father') or kult (u as in 'put')? — or an o (o as in 'law')?,
391,אומגעקומען,81,alef-default,alef-silent,alef-default,ˈimɡəkimən,Imgekimen,,we say **Imgekimen** — right?,
392,אונדזער,81,alef-default,alef-silent,alef-default,ˈindzər,Indzer,,we say **Indzer** — right?,
393,נפשי,81,pe-default,pe-default,pe-default,nfʃi,nfshi,nfshi | npshi,the פ: f (nfshi) or p (npshi)?,
394,צופרידן,81,pe-default,pe-default,pe-default,ʦˈifridn,TSIfridn,TSIfridn | TSIpridn,the פ: f (TSIfridn) or p (TSIpridn)?,
395,שפילט,81,pe-default,pe-default,pe-default,ʃpilt,shpilt,shfilt | shpilt,the פ: f (shfilt) or p (shpilt)?,
396,אפגעשטעלט,80,alef-default,alef-vowel+pe-default,"alef-default,pe-default",ˈɔpɡəʃtəlt,Opgeshtelt,Opgeshtelt | Ufgeshtelt | Apgeshtelt,the unpointed א: Opgeshtelt (a as in 'father') or Ufgeshtelt (u as in 'put')? — or an o (o as in 'law')? the פ: f (Opgeshtelt) or p (Apgeshtelt)?,
397,כוונות,80,oov-lk,oov-lk,lk-fallback,xvnis,khvnis,khvnis | khevenis,our guess: khvnis — or khevenis? How do you say it?,
398,פעלד,80,pe-default,pe-default,pe-default,fɛld,feld,feld | peld,the פ: f (feld) or p (peld)?,
399,אויסגעשטעלט,79,alef-default,alef-silent,alef-default,ˈoʊzɡəʃtəlt,OUzgeshtelt,,we say **OUzgeshtelt** — right?,
400,אנו,79,alef-default,alef-vowel,alef-default,ˈani,Ani,Ani | Uni,the unpointed א: Ani (a as in 'father') or Uni (u as in 'put')? — or an o (o as in 'law')?,
